S	0	349	*	*	*	*	*	PRJNA356769_ITS2_ASV331	*
S	1	304	*	*	*	*	*	PRJNA356769_ITS2_ASV424	*
H	1	304	99.3	+	0	0	304M	PRJNA356769_ITS2_ASV655	PRJNA356769_ITS2_ASV424
H	1	304	99.7	+	0	0	304M	PRJNA356769_ITS2_ASV943	PRJNA356769_ITS2_ASV424
S	2	303	*	*	*	*	*	PRJNA356769_ITS2_ASV175	*
S	3	302	*	*	*	*	*	PRJNA356769_ITS2_ASV892	*
S	4	292	*	*	*	*	*	PRJNA356769_ITS2_ASV509	*
H	4	291	99.7	+	0	0	269MI22M	PRJNA356769_ITS2_ASV431	PRJNA356769_ITS2_ASV509
S	5	290	*	*	*	*	*	PRJNA356769_ITS2_ASV1066	*
H	4	290	99.0	+	0	0	87MI181MI22M	PRJNA356769_ITS2_ASV1098	PRJNA356769_ITS2_ASV509
S	6	290	*	*	*	*	*	PRJNA356769_ITS2_ASV132	*
H	4	290	99.3	+	0	0	268M2I22M	PRJNA356769_ITS2_ASV169	PRJNA356769_ITS2_ASV509
H	4	290	99.3	+	0	0	269M2I21M	PRJNA356769_ITS2_ASV219	PRJNA356769_ITS2_ASV509
H	5	290	99.7	+	0	0	290M	PRJNA356769_ITS2_ASV291	PRJNA356769_ITS2_ASV1066
H	4	290	98.6	+	0	0	87MI181MI22M	PRJNA356769_ITS2_ASV549	PRJNA356769_ITS2_ASV509
S	7	290	*	*	*	*	*	PRJNA356769_ITS2_ASV744	*
S	8	290	*	*	*	*	*	PRJNA356769_ITS2_ASV777	*
H	8	290	99.0	+	0	0	247MI19MD23M	PRJNA356769_ITS2_ASV823	PRJNA356769_ITS2_ASV777
H	8	290	99.7	+	0	0	290M	PRJNA356769_ITS2_ASV832	PRJNA356769_ITS2_ASV777
H	6	290	99.7	+	0	0	290M	PRJNA356769_ITS2_ASV856	PRJNA356769_ITS2_ASV132
H	6	290	98.6	+	0	0	290M	PRJNA356769_ITS2_ASV938	PRJNA356769_ITS2_ASV132
S	9	289	*	*	*	*	*	PRJNA356769_ITS2_ASV354	*
H	4	289	99.0	+	0	0	87MI160MI18MI24M	PRJNA356769_ITS2_ASV425	PRJNA356769_ITS2_ASV509
H	4	289	99.0	+	0	0	268M3I21M	PRJNA356769_ITS2_ASV686	PRJNA356769_ITS2_ASV509
H	4	289	99.0	+	0	0	87MI181M2I21M	PRJNA356769_ITS2_ASV907	PRJNA356769_ITS2_ASV509
H	6	289	98.6	+	0	0	279MI10M	PRJNA356769_ITS2_ASV992	PRJNA356769_ITS2_ASV132
H	4	288	98.6	+	0	0	87MI160MI19M2I22M	PRJNA356769_ITS2_ASV101	PRJNA356769_ITS2_ASV509
H	8	288	99.3	+	0	0	247MI30MI11M	PRJNA356769_ITS2_ASV394	PRJNA356769_ITS2_ASV777
H	7	288	99.0	+	0	0	270M2I18M	PRJNA356769_ITS2_ASV397	PRJNA356769_ITS2_ASV744
H	8	288	99.0	+	0	0	247MI30MI11M	PRJNA356769_ITS2_ASV414	PRJNA356769_ITS2_ASV777
H	4	288	98.6	+	0	0	268M4I20M	PRJNA356769_ITS2_ASV419	PRJNA356769_ITS2_ASV509
H	7	288	99.0	+	0	0	247MI22MI19M	PRJNA356769_ITS2_ASV487	PRJNA356769_ITS2_ASV744
H	7	288	98.6	+	0	0	247MI22MI19M	PRJNA356769_ITS2_ASV683	PRJNA356769_ITS2_ASV744
S	10	284	*	*	*	*	*	PRJNA356769_ITS2_ASV608	*
S	11	284	*	*	*	*	*	PRJNA356769_ITS2_ASV698	*
S	12	282	*	*	*	*	*	PRJNA356769_ITS2_ASV762	*
S	13	281	*	*	*	*	*	PRJNA356769_ITS2_ASV1009	*
S	14	281	*	*	*	*	*	PRJNA356769_ITS2_ASV842	*
S	15	280	*	*	*	*	*	PRJNA356769_ITS2_ASV1032	*
S	16	280	*	*	*	*	*	PRJNA356769_ITS2_ASV735	*
H	13	280	98.9	+	0	0	76M2I191MD12M	PRJNA356769_ITS2_ASV771	PRJNA356769_ITS2_ASV1009
H	13	279	99.3	+	0	0	76M2I203M	PRJNA356769_ITS2_ASV372	PRJNA356769_ITS2_ASV1009
H	14	279	99.3	+	0	0	27M2I252M	PRJNA356769_ITS2_ASV376	PRJNA356769_ITS2_ASV842
S	17	279	*	*	*	*	*	PRJNA356769_ITS2_ASV496	*
H	13	279	98.9	+	0	0	76M2I203M	PRJNA356769_ITS2_ASV658	PRJNA356769_ITS2_ASV1009
H	16	279	98.9	+	0	0	261MI18M	PRJNA356769_ITS2_ASV868	PRJNA356769_ITS2_ASV735
H	17	278	99.3	+	0	0	145MI133M	PRJNA356769_ITS2_ASV835	PRJNA356769_ITS2_ASV496
H	17	278	99.6	+	0	0	252MI26M	PRJNA356769_ITS2_ASV899	PRJNA356769_ITS2_ASV496
S	18	277	*	*	*	*	*	PRJNA356769_ITS2_ASV1085	*
H	13	277	98.6	+	0	0	27M2I47M2I203M	PRJNA356769_ITS2_ASV526	PRJNA356769_ITS2_ASV1009
H	18	277	99.6	+	0	0	277M	PRJNA356769_ITS2_ASV812	PRJNA356769_ITS2_ASV1085
S	19	277	*	*	*	*	*	PRJNA356769_ITS2_ASV818	*
S	20	276	*	*	*	*	*	PRJNA356769_ITS2_ASV1095	*
S	21	276	*	*	*	*	*	PRJNA356769_ITS2_ASV570	*
S	22	275	*	*	*	*	*	PRJNA356769_ITS2_ASV388	*
H	22	275	99.3	+	0	0	43MD119MI112M	PRJNA356769_ITS2_ASV512	PRJNA356769_ITS2_ASV388
H	22	274	99.3	+	0	0	162MI112M	PRJNA356769_ITS2_ASV1086	PRJNA356769_ITS2_ASV388
H	22	274	99.6	+	0	0	162MI112M	PRJNA356769_ITS2_ASV192	PRJNA356769_ITS2_ASV388
H	22	274	98.5	+	0	0	162MI112M	PRJNA356769_ITS2_ASV249	PRJNA356769_ITS2_ASV388
H	22	274	99.3	+	0	0	162MI112M	PRJNA356769_ITS2_ASV258	PRJNA356769_ITS2_ASV388
H	22	274	98.9	+	0	0	162MI112M	PRJNA356769_ITS2_ASV349	PRJNA356769_ITS2_ASV388
H	22	274	98.9	+	0	0	162MI112M	PRJNA356769_ITS2_ASV373	PRJNA356769_ITS2_ASV388
H	22	274	98.9	+	0	0	162MI112M	PRJNA356769_ITS2_ASV428	PRJNA356769_ITS2_ASV388
H	22	274	99.3	+	0	0	162MI112M	PRJNA356769_ITS2_ASV445	PRJNA356769_ITS2_ASV388
H	22	274	98.9	+	0	0	162MI112M	PRJNA356769_ITS2_ASV502	PRJNA356769_ITS2_ASV388
H	22	274	99.3	+	0	0	162MI112M	PRJNA356769_ITS2_ASV553	PRJNA356769_ITS2_ASV388
H	22	274	99.3	+	0	0	162MI112M	PRJNA356769_ITS2_ASV67	PRJNA356769_ITS2_ASV388
H	22	274	99.3	+	0	0	162MI112M	PRJNA356769_ITS2_ASV700	PRJNA356769_ITS2_ASV388
H	22	274	98.9	+	0	0	162MI112M	PRJNA356769_ITS2_ASV831	PRJNA356769_ITS2_ASV388
H	22	274	99.3	+	0	0	162MI112M	PRJNA356769_ITS2_ASV85	PRJNA356769_ITS2_ASV388
H	22	273	99.3	+	0	0	110MI51MI112M	PRJNA356769_ITS2_ASV404	PRJNA356769_ITS2_ASV388
H	22	273	99.3	+	0	0	254M2I19M	PRJNA356769_ITS2_ASV451	PRJNA356769_ITS2_ASV388
S	23	272	*	*	*	*	*	PRJNA356769_ITS2_ASV409	*
H	23	272	99.6	+	0	0	272M	PRJNA356769_ITS2_ASV677	PRJNA356769_ITS2_ASV409
S	24	271	*	*	*	*	*	PRJNA356769_ITS2_ASV369	*
S	25	263	*	*	*	*	*	PRJNA356769_ITS2_ASV278	*
S	26	263	*	*	*	*	*	PRJNA356769_ITS2_ASV368	*
H	26	263	99.6	+	0	0	263M	PRJNA356769_ITS2_ASV5	PRJNA356769_ITS2_ASV368
H	26	263	99.2	+	0	0	263M	PRJNA356769_ITS2_ASV645	PRJNA356769_ITS2_ASV368
H	26	263	99.6	+	0	0	263M	PRJNA356769_ITS2_ASV947	PRJNA356769_ITS2_ASV368
S	27	257	*	*	*	*	*	PRJNA356769_ITS2_ASV88	*
S	28	254	*	*	*	*	*	PRJNA356769_ITS2_ASV508	*
S	29	253	*	*	*	*	*	PRJNA356769_ITS2_ASV1017	*
S	30	252	*	*	*	*	*	PRJNA356769_ITS2_ASV1038	*
S	31	252	*	*	*	*	*	PRJNA356769_ITS2_ASV363	*
H	31	252	99.6	+	0	0	252M	PRJNA356769_ITS2_ASV468	PRJNA356769_ITS2_ASV363
S	32	251	*	*	*	*	*	PRJNA356769_ITS2_ASV173	*
S	33	250	*	*	*	*	*	PRJNA356769_ITS2_ASV761	*
S	34	249	*	*	*	*	*	PRJNA356769_ITS2_ASV1019	*
S	35	249	*	*	*	*	*	PRJNA356769_ITS2_ASV486	*
S	36	248	*	*	*	*	*	PRJNA356769_ITS2_ASV1094	*
S	37	248	*	*	*	*	*	PRJNA356769_ITS2_ASV1100	*
S	38	248	*	*	*	*	*	PRJNA356769_ITS2_ASV156	*
H	38	248	98.8	+	0	0	248M	PRJNA356769_ITS2_ASV183	PRJNA356769_ITS2_ASV156
H	37	248	99.6	+	0	0	248M	PRJNA356769_ITS2_ASV232	PRJNA356769_ITS2_ASV1100
S	39	248	*	*	*	*	*	PRJNA356769_ITS2_ASV309	*
H	38	248	99.2	+	0	0	248M	PRJNA356769_ITS2_ASV317	PRJNA356769_ITS2_ASV156
S	40	248	*	*	*	*	*	PRJNA356769_ITS2_ASV357	*
S	41	248	*	*	*	*	*	PRJNA356769_ITS2_ASV443	*
S	42	248	*	*	*	*	*	PRJNA356769_ITS2_ASV539	*
S	43	248	*	*	*	*	*	PRJNA356769_ITS2_ASV60	*
H	41	248	98.8	+	0	0	248M	PRJNA356769_ITS2_ASV625	PRJNA356769_ITS2_ASV443
H	38	248	99.2	+	0	0	248M	PRJNA356769_ITS2_ASV711	PRJNA356769_ITS2_ASV156
S	44	248	*	*	*	*	*	PRJNA356769_ITS2_ASV746	*
S	45	248	*	*	*	*	*	PRJNA356769_ITS2_ASV833	*
S	46	248	*	*	*	*	*	PRJNA356769_ITS2_ASV898	*
S	47	247	*	*	*	*	*	PRJNA356769_ITS2_ASV457	*
S	48	246	*	*	*	*	*	PRJNA356769_ITS2_ASV859	*
S	49	244	*	*	*	*	*	PRJNA356769_ITS2_ASV1053	*
H	49	244	99.2	+	0	0	244M	PRJNA356769_ITS2_ASV138	PRJNA356769_ITS2_ASV1053
S	50	244	*	*	*	*	*	PRJNA356769_ITS2_ASV160	*
H	49	244	99.6	+	0	0	244M	PRJNA356769_ITS2_ASV26	PRJNA356769_ITS2_ASV1053
S	51	244	*	*	*	*	*	PRJNA356769_ITS2_ASV285	*
S	52	244	*	*	*	*	*	PRJNA356769_ITS2_ASV341	*
S	53	244	*	*	*	*	*	PRJNA356769_ITS2_ASV581	*
H	49	244	99.2	+	0	0	244M	PRJNA356769_ITS2_ASV738	PRJNA356769_ITS2_ASV1053
S	54	244	*	*	*	*	*	PRJNA356769_ITS2_ASV787	*
H	49	244	98.8	+	0	0	244M	PRJNA356769_ITS2_ASV815	PRJNA356769_ITS2_ASV1053
H	49	244	99.2	+	0	0	244M	PRJNA356769_ITS2_ASV94	PRJNA356769_ITS2_ASV1053
H	49	244	99.2	+	0	0	244M	PRJNA356769_ITS2_ASV965	PRJNA356769_ITS2_ASV1053
S	55	243	*	*	*	*	*	PRJNA356769_ITS2_ASV1034	*
S	56	242	*	*	*	*	*	PRJNA356769_ITS2_ASV1014	*
H	56	242	99.6	+	0	0	242M	PRJNA356769_ITS2_ASV342	PRJNA356769_ITS2_ASV1014
S	57	242	*	*	*	*	*	PRJNA356769_ITS2_ASV678	*
S	58	241	*	*	*	*	*	PRJNA356769_ITS2_ASV1004	*
S	59	241	*	*	*	*	*	PRJNA356769_ITS2_ASV1056	*
H	59	241	98.8	+	0	0	241M	PRJNA356769_ITS2_ASV1075	PRJNA356769_ITS2_ASV1056
S	60	241	*	*	*	*	*	PRJNA356769_ITS2_ASV143	*
S	61	241	*	*	*	*	*	PRJNA356769_ITS2_ASV165	*
H	59	241	99.2	+	0	0	241M	PRJNA356769_ITS2_ASV27	PRJNA356769_ITS2_ASV1056
S	62	241	*	*	*	*	*	PRJNA356769_ITS2_ASV362	*
H	59	241	99.2	+	0	0	241M	PRJNA356769_ITS2_ASV37	PRJNA356769_ITS2_ASV1056
S	63	241	*	*	*	*	*	PRJNA356769_ITS2_ASV471	*
H	58	241	99.6	+	0	0	241M	PRJNA356769_ITS2_ASV639	PRJNA356769_ITS2_ASV1004
S	64	241	*	*	*	*	*	PRJNA356769_ITS2_ASV75	*
H	59	241	99.2	+	0	0	241M	PRJNA356769_ITS2_ASV767	PRJNA356769_ITS2_ASV1056
H	59	241	99.6	+	0	0	241M	PRJNA356769_ITS2_ASV838	PRJNA356769_ITS2_ASV1056
H	58	241	99.2	+	0	0	241M	PRJNA356769_ITS2_ASV9	PRJNA356769_ITS2_ASV1004
S	65	240	*	*	*	*	*	PRJNA356769_ITS2_ASV314	*
S	66	240	*	*	*	*	*	PRJNA356769_ITS2_ASV513	*
S	67	240	*	*	*	*	*	PRJNA356769_ITS2_ASV685	*
H	65	240	99.2	+	0	0	240M	PRJNA356769_ITS2_ASV74	PRJNA356769_ITS2_ASV314
H	66	240	99.6	+	0	0	240M	PRJNA356769_ITS2_ASV900	PRJNA356769_ITS2_ASV513
H	66	239	98.8	+	0	0	56MI183M	PRJNA356769_ITS2_ASV485	PRJNA356769_ITS2_ASV513
S	68	239	*	*	*	*	*	PRJNA356769_ITS2_ASV613	*
S	69	239	*	*	*	*	*	PRJNA356769_ITS2_ASV734	*
S	70	239	*	*	*	*	*	PRJNA356769_ITS2_ASV984	*
S	71	238	*	*	*	*	*	PRJNA356769_ITS2_ASV297	*
S	72	238	*	*	*	*	*	PRJNA356769_ITS2_ASV447	*
H	60	238	98.8	+	0	0	7M3I231M	PRJNA356769_ITS2_ASV841	PRJNA356769_ITS2_ASV143
S	73	237	*	*	*	*	*	PRJNA356769_ITS2_ASV467	*
S	74	236	*	*	*	*	*	PRJNA356769_ITS2_ASV105	*
H	74	236	98.7	+	0	0	236M	PRJNA356769_ITS2_ASV189	PRJNA356769_ITS2_ASV105
H	74	236	99.2	+	0	0	236M	PRJNA356769_ITS2_ASV495	PRJNA356769_ITS2_ASV105
S	75	235	*	*	*	*	*	PRJNA356769_ITS2_ASV274	*
S	76	235	*	*	*	*	*	PRJNA356769_ITS2_ASV332	*
S	77	234	*	*	*	*	*	PRJNA356769_ITS2_ASV1008	*
S	78	234	*	*	*	*	*	PRJNA356769_ITS2_ASV1029	*
H	78	234	99.1	+	0	0	234M	PRJNA356769_ITS2_ASV197	PRJNA356769_ITS2_ASV1029
H	78	234	98.7	+	0	0	234M	PRJNA356769_ITS2_ASV716	PRJNA356769_ITS2_ASV1029
S	79	234	*	*	*	*	*	PRJNA356769_ITS2_ASV95	*
H	79	233	99.6	+	0	0	164MI69M	PRJNA356769_ITS2_ASV1	PRJNA356769_ITS2_ASV95
H	79	233	99.1	+	0	0	164MI69M	PRJNA356769_ITS2_ASV1001	PRJNA356769_ITS2_ASV95
S	80	233	*	*	*	*	*	PRJNA356769_ITS2_ASV1002	*
S	81	233	*	*	*	*	*	PRJNA356769_ITS2_ASV168	*
S	82	233	*	*	*	*	*	PRJNA356769_ITS2_ASV186	*
H	78	233	99.6	+	0	0	77MI156M	PRJNA356769_ITS2_ASV220	PRJNA356769_ITS2_ASV1029
H	79	233	99.1	+	0	0	164MI69M	PRJNA356769_ITS2_ASV292	PRJNA356769_ITS2_ASV95
H	79	233	99.1	+	0	0	164MI69M	PRJNA356769_ITS2_ASV472	PRJNA356769_ITS2_ASV95
H	79	233	99.1	+	0	0	164MI69M	PRJNA356769_ITS2_ASV506	PRJNA356769_ITS2_ASV95
H	79	233	99.1	+	0	0	164MI69M	PRJNA356769_ITS2_ASV584	PRJNA356769_ITS2_ASV95
S	83	233	*	*	*	*	*	PRJNA356769_ITS2_ASV742	*
H	79	233	99.1	+	0	0	164MI69M	PRJNA356769_ITS2_ASV769	PRJNA356769_ITS2_ASV95
H	78	233	99.1	+	0	0	77MI156M	PRJNA356769_ITS2_ASV828	PRJNA356769_ITS2_ASV1029
H	81	233	99.6	+	0	0	233M	PRJNA356769_ITS2_ASV843	PRJNA356769_ITS2_ASV168
H	79	233	99.1	+	0	0	164MI69M	PRJNA356769_ITS2_ASV952	PRJNA356769_ITS2_ASV95
S	84	232	*	*	*	*	*	PRJNA356769_ITS2_ASV111	*
H	79	232	99.1	+	0	0	77M2I155M	PRJNA356769_ITS2_ASV166	PRJNA356769_ITS2_ASV95
H	79	232	99.1	+	0	0	77MI86MI69M	PRJNA356769_ITS2_ASV233	PRJNA356769_ITS2_ASV95
H	77	232	98.7	+	0	0	17MI157MI58M	PRJNA356769_ITS2_ASV31	PRJNA356769_ITS2_ASV1008
H	77	232	99.1	+	0	0	17MI157MI58M	PRJNA356769_ITS2_ASV386	PRJNA356769_ITS2_ASV1008
H	79	231	98.7	+	0	0	77M2I85MI69M	PRJNA356769_ITS2_ASV1036	PRJNA356769_ITS2_ASV95
S	85	231	*	*	*	*	*	PRJNA356769_ITS2_ASV427	*
H	85	231	99.6	+	0	0	231M	PRJNA356769_ITS2_ASV448	PRJNA356769_ITS2_ASV427
S	86	231	*	*	*	*	*	PRJNA356769_ITS2_ASV653	*
S	87	231	*	*	*	*	*	PRJNA356769_ITS2_ASV875	*
S	88	230	*	*	*	*	*	PRJNA356769_ITS2_ASV1082	*
S	89	230	*	*	*	*	*	PRJNA356769_ITS2_ASV1092	*
S	90	230	*	*	*	*	*	PRJNA356769_ITS2_ASV353	*
S	91	230	*	*	*	*	*	PRJNA356769_ITS2_ASV621	*
S	92	229	*	*	*	*	*	PRJNA356769_ITS2_ASV1005	*
H	92	229	99.6	+	0	0	229M	PRJNA356769_ITS2_ASV261	PRJNA356769_ITS2_ASV1005
H	92	229	99.1	+	0	0	229M	PRJNA356769_ITS2_ASV262	PRJNA356769_ITS2_ASV1005
H	92	229	98.7	+	0	0	229M	PRJNA356769_ITS2_ASV294	PRJNA356769_ITS2_ASV1005
H	92	229	99.1	+	0	0	229M	PRJNA356769_ITS2_ASV385	PRJNA356769_ITS2_ASV1005
H	92	229	99.1	+	0	0	229M	PRJNA356769_ITS2_ASV572	PRJNA356769_ITS2_ASV1005
H	92	229	99.1	+	0	0	229M	PRJNA356769_ITS2_ASV710	PRJNA356769_ITS2_ASV1005
S	93	229	*	*	*	*	*	PRJNA356769_ITS2_ASV743	*
H	92	229	99.6	+	0	0	229M	PRJNA356769_ITS2_ASV916	PRJNA356769_ITS2_ASV1005
H	92	229	99.1	+	0	0	229M	PRJNA356769_ITS2_ASV919	PRJNA356769_ITS2_ASV1005
S	94	229	*	*	*	*	*	PRJNA356769_ITS2_ASV967	*
H	92	229	98.7	+	0	0	229M	PRJNA356769_ITS2_ASV981	PRJNA356769_ITS2_ASV1005
S	95	228	*	*	*	*	*	PRJNA356769_ITS2_ASV1013	*
H	95	228	99.1	+	0	0	228M	PRJNA356769_ITS2_ASV1033	PRJNA356769_ITS2_ASV1013
H	95	228	98.7	+	0	0	228M	PRJNA356769_ITS2_ASV1059	PRJNA356769_ITS2_ASV1013
H	95	228	99.1	+	0	0	228M	PRJNA356769_ITS2_ASV123	PRJNA356769_ITS2_ASV1013
H	90	228	99.1	+	0	0	2I228M	PRJNA356769_ITS2_ASV140	PRJNA356769_ITS2_ASV353
H	90	228	99.6	+	0	0	2I228M	PRJNA356769_ITS2_ASV154	PRJNA356769_ITS2_ASV353
H	90	228	99.1	+	0	0	2I228M	PRJNA356769_ITS2_ASV155	PRJNA356769_ITS2_ASV353
H	95	228	99.1	+	0	0	228M	PRJNA356769_ITS2_ASV164	PRJNA356769_ITS2_ASV1013
H	95	228	99.6	+	0	0	228M	PRJNA356769_ITS2_ASV19	PRJNA356769_ITS2_ASV1013
H	95	228	99.1	+	0	0	228M	PRJNA356769_ITS2_ASV259	PRJNA356769_ITS2_ASV1013
H	95	228	99.1	+	0	0	228M	PRJNA356769_ITS2_ASV260	PRJNA356769_ITS2_ASV1013
H	95	228	99.1	+	0	0	228M	PRJNA356769_ITS2_ASV53	PRJNA356769_ITS2_ASV1013
H	95	228	99.1	+	0	0	228M	PRJNA356769_ITS2_ASV825	PRJNA356769_ITS2_ASV1013
H	90	228	99.1	+	0	0	2I228M	PRJNA356769_ITS2_ASV893	PRJNA356769_ITS2_ASV353
H	95	228	99.1	+	0	0	228M	PRJNA356769_ITS2_ASV93	PRJNA356769_ITS2_ASV1013
S	96	227	*	*	*	*	*	PRJNA356769_ITS2_ASV216	*
S	97	227	*	*	*	*	*	PRJNA356769_ITS2_ASV407	*
S	98	227	*	*	*	*	*	PRJNA356769_ITS2_ASV575	*
H	98	227	99.1	+	0	0	227M	PRJNA356769_ITS2_ASV737	PRJNA356769_ITS2_ASV575
S	99	227	*	*	*	*	*	PRJNA356769_ITS2_ASV949	*
H	99	226	98.7	+	0	0	7MI219M	PRJNA356769_ITS2_ASV120	PRJNA356769_ITS2_ASV949
S	100	226	*	*	*	*	*	PRJNA356769_ITS2_ASV14	*
S	101	226	*	*	*	*	*	PRJNA356769_ITS2_ASV196	*
S	102	226	*	*	*	*	*	PRJNA356769_ITS2_ASV241	*
S	103	226	*	*	*	*	*	PRJNA356769_ITS2_ASV248	*
S	104	226	*	*	*	*	*	PRJNA356769_ITS2_ASV44	*
S	105	226	*	*	*	*	*	PRJNA356769_ITS2_ASV483	*
H	101	226	99.1	+	0	0	226M	PRJNA356769_ITS2_ASV489	PRJNA356769_ITS2_ASV196
H	102	226	99.6	+	0	0	226M	PRJNA356769_ITS2_ASV49	PRJNA356769_ITS2_ASV241
H	100	226	99.6	+	0	0	226M	PRJNA356769_ITS2_ASV492	PRJNA356769_ITS2_ASV14
S	106	226	*	*	*	*	*	PRJNA356769_ITS2_ASV635	*
H	99	226	98.7	+	0	0	7MI219M	PRJNA356769_ITS2_ASV65	PRJNA356769_ITS2_ASV949
H	106	226	99.1	+	0	0	226M	PRJNA356769_ITS2_ASV70	PRJNA356769_ITS2_ASV635
H	106	226	98.7	+	0	0	226M	PRJNA356769_ITS2_ASV764	PRJNA356769_ITS2_ASV635
H	100	226	98.7	+	0	0	226M	PRJNA356769_ITS2_ASV773	PRJNA356769_ITS2_ASV14
H	100	226	99.1	+	0	0	226M	PRJNA356769_ITS2_ASV978	PRJNA356769_ITS2_ASV14
H	106	226	99.6	+	0	0	226M	PRJNA356769_ITS2_ASV980	PRJNA356769_ITS2_ASV635
S	107	225	*	*	*	*	*	PRJNA356769_ITS2_ASV1084	*
S	108	225	*	*	*	*	*	PRJNA356769_ITS2_ASV34	*
S	109	225	*	*	*	*	*	PRJNA356769_ITS2_ASV366	*
S	110	225	*	*	*	*	*	PRJNA356769_ITS2_ASV479	*
H	109	225	99.6	+	0	0	225M	PRJNA356769_ITS2_ASV640	PRJNA356769_ITS2_ASV366
H	110	225	99.6	+	0	0	225M	PRJNA356769_ITS2_ASV718	PRJNA356769_ITS2_ASV479
H	110	225	99.6	+	0	0	225M	PRJNA356769_ITS2_ASV794	PRJNA356769_ITS2_ASV479
S	111	225	*	*	*	*	*	PRJNA356769_ITS2_ASV86	*
S	112	225	*	*	*	*	*	PRJNA356769_ITS2_ASV974	*
S	113	224	*	*	*	*	*	PRJNA356769_ITS2_ASV1003	*
S	114	224	*	*	*	*	*	PRJNA356769_ITS2_ASV1007	*
S	115	224	*	*	*	*	*	PRJNA356769_ITS2_ASV11	*
H	115	224	99.6	+	0	0	224M	PRJNA356769_ITS2_ASV115	PRJNA356769_ITS2_ASV11
H	115	224	98.7	+	0	0	224M	PRJNA356769_ITS2_ASV153	PRJNA356769_ITS2_ASV11
S	116	224	*	*	*	*	*	PRJNA356769_ITS2_ASV208	*
H	115	224	99.6	+	0	0	224M	PRJNA356769_ITS2_ASV623	PRJNA356769_ITS2_ASV11
H	115	224	99.6	+	0	0	224M	PRJNA356769_ITS2_ASV759	PRJNA356769_ITS2_ASV11
S	117	224	*	*	*	*	*	PRJNA356769_ITS2_ASV790	*
S	118	224	*	*	*	*	*	PRJNA356769_ITS2_ASV918	*
S	119	224	*	*	*	*	*	PRJNA356769_ITS2_ASV966	*
S	120	224	*	*	*	*	*	PRJNA356769_ITS2_ASV97	*
S	121	223	*	*	*	*	*	PRJNA356769_ITS2_ASV1010	*
S	122	223	*	*	*	*	*	PRJNA356769_ITS2_ASV116	*
S	123	223	*	*	*	*	*	PRJNA356769_ITS2_ASV121	*
H	123	223	99.1	+	0	0	223M	PRJNA356769_ITS2_ASV147	PRJNA356769_ITS2_ASV121
S	124	223	*	*	*	*	*	PRJNA356769_ITS2_ASV284	*
S	125	223	*	*	*	*	*	PRJNA356769_ITS2_ASV311	*
H	123	223	99.6	+	0	0	223M	PRJNA356769_ITS2_ASV556	PRJNA356769_ITS2_ASV121
H	123	223	99.6	+	0	0	223M	PRJNA356769_ITS2_ASV662	PRJNA356769_ITS2_ASV121
S	126	223	*	*	*	*	*	PRJNA356769_ITS2_ASV665	*
H	123	223	99.6	+	0	0	223M	PRJNA356769_ITS2_ASV891	PRJNA356769_ITS2_ASV121
H	121	223	98.7	+	0	0	223M	PRJNA356769_ITS2_ASV964	PRJNA356769_ITS2_ASV1010
S	127	223	*	*	*	*	*	PRJNA356769_ITS2_ASV98	*
H	126	222	99.6	+	0	0	19MI203M	PRJNA356769_ITS2_ASV1021	PRJNA356769_ITS2_ASV665
S	128	222	*	*	*	*	*	PRJNA356769_ITS2_ASV131	*
S	129	222	*	*	*	*	*	PRJNA356769_ITS2_ASV177	*
S	130	222	*	*	*	*	*	PRJNA356769_ITS2_ASV264	*
H	130	222	99.5	+	0	0	222M	PRJNA356769_ITS2_ASV346	PRJNA356769_ITS2_ASV264
H	130	222	99.5	+	0	0	222M	PRJNA356769_ITS2_ASV54	PRJNA356769_ITS2_ASV264
S	131	222	*	*	*	*	*	PRJNA356769_ITS2_ASV550	*
H	130	222	99.5	+	0	0	222M	PRJNA356769_ITS2_ASV914	PRJNA356769_ITS2_ASV264
S	132	222	*	*	*	*	*	PRJNA356769_ITS2_ASV925	*
H	130	222	99.5	+	0	0	222M	PRJNA356769_ITS2_ASV958	PRJNA356769_ITS2_ASV264
H	132	222	99.5	+	0	0	222M	PRJNA356769_ITS2_ASV975	PRJNA356769_ITS2_ASV925
S	133	221	*	*	*	*	*	PRJNA356769_ITS2_ASV1042	*
S	134	221	*	*	*	*	*	PRJNA356769_ITS2_ASV209	*
S	135	221	*	*	*	*	*	PRJNA356769_ITS2_ASV301	*
H	135	221	99.5	+	0	0	221M	PRJNA356769_ITS2_ASV323	PRJNA356769_ITS2_ASV301
S	136	221	*	*	*	*	*	PRJNA356769_ITS2_ASV534	*
S	137	221	*	*	*	*	*	PRJNA356769_ITS2_ASV582	*
H	137	221	99.5	+	0	0	221M	PRJNA356769_ITS2_ASV627	PRJNA356769_ITS2_ASV582
S	138	221	*	*	*	*	*	PRJNA356769_ITS2_ASV66	*
S	139	221	*	*	*	*	*	PRJNA356769_ITS2_ASV756	*
H	135	221	99.1	+	0	0	221M	PRJNA356769_ITS2_ASV783	PRJNA356769_ITS2_ASV301
S	140	221	*	*	*	*	*	PRJNA356769_ITS2_ASV819	*
S	141	221	*	*	*	*	*	PRJNA356769_ITS2_ASV878	*
H	141	221	99.1	+	0	0	221M	PRJNA356769_ITS2_ASV882	PRJNA356769_ITS2_ASV878
S	142	221	*	*	*	*	*	PRJNA356769_ITS2_ASV901	*
S	143	221	*	*	*	*	*	PRJNA356769_ITS2_ASV92	*
S	144	221	*	*	*	*	*	PRJNA356769_ITS2_ASV928	*
H	140	221	99.5	+	0	0	221M	PRJNA356769_ITS2_ASV968	PRJNA356769_ITS2_ASV819
H	135	221	99.1	+	0	0	221M	PRJNA356769_ITS2_ASV986	PRJNA356769_ITS2_ASV301
S	145	220	*	*	*	*	*	PRJNA356769_ITS2_ASV466	*
H	132	220	98.6	+	0	0	9MI22MI189M	PRJNA356769_ITS2_ASV47	PRJNA356769_ITS2_ASV925
S	146	220	*	*	*	*	*	PRJNA356769_ITS2_ASV482	*
S	147	220	*	*	*	*	*	PRJNA356769_ITS2_ASV607	*
S	148	220	*	*	*	*	*	PRJNA356769_ITS2_ASV644	*
S	149	220	*	*	*	*	*	PRJNA356769_ITS2_ASV78	*
S	150	220	*	*	*	*	*	PRJNA356769_ITS2_ASV810	*
S	151	220	*	*	*	*	*	PRJNA356769_ITS2_ASV90	*
H	149	220	99.5	+	0	0	220M	PRJNA356769_ITS2_ASV954	PRJNA356769_ITS2_ASV78
S	152	219	*	*	*	*	*	PRJNA356769_ITS2_ASV245	*
S	153	219	*	*	*	*	*	PRJNA356769_ITS2_ASV33	*
S	154	219	*	*	*	*	*	PRJNA356769_ITS2_ASV590	*
S	155	219	*	*	*	*	*	PRJNA356769_ITS2_ASV852	*
H	153	219	99.5	+	0	0	219M	PRJNA356769_ITS2_ASV905	PRJNA356769_ITS2_ASV33
S	156	218	*	*	*	*	*	PRJNA356769_ITS2_ASV536	*
S	157	218	*	*	*	*	*	PRJNA356769_ITS2_ASV696	*
H	156	218	99.5	+	0	0	218M	PRJNA356769_ITS2_ASV770	PRJNA356769_ITS2_ASV536
S	158	218	*	*	*	*	*	PRJNA356769_ITS2_ASV817	*
S	159	217	*	*	*	*	*	PRJNA356769_ITS2_ASV212	*
S	160	217	*	*	*	*	*	PRJNA356769_ITS2_ASV348	*
H	159	217	99.1	+	0	0	217M	PRJNA356769_ITS2_ASV421	PRJNA356769_ITS2_ASV212
S	161	217	*	*	*	*	*	PRJNA356769_ITS2_ASV474	*
S	162	217	*	*	*	*	*	PRJNA356769_ITS2_ASV480	*
H	159	217	99.5	+	0	0	217M	PRJNA356769_ITS2_ASV654	PRJNA356769_ITS2_ASV212
S	163	217	*	*	*	*	*	PRJNA356769_ITS2_ASV879	*
S	164	217	*	*	*	*	*	PRJNA356769_ITS2_ASV885	*
S	165	216	*	*	*	*	*	PRJNA356769_ITS2_ASV1101	*
S	166	216	*	*	*	*	*	PRJNA356769_ITS2_ASV223	*
S	167	216	*	*	*	*	*	PRJNA356769_ITS2_ASV242	*
S	168	216	*	*	*	*	*	PRJNA356769_ITS2_ASV244	*
S	169	216	*	*	*	*	*	PRJNA356769_ITS2_ASV265	*
S	170	216	*	*	*	*	*	PRJNA356769_ITS2_ASV298	*
H	162	216	99.5	+	0	0	203MI13M	PRJNA356769_ITS2_ASV540	PRJNA356769_ITS2_ASV480
H	168	216	99.5	+	0	0	216M	PRJNA356769_ITS2_ASV68	PRJNA356769_ITS2_ASV244
S	171	216	*	*	*	*	*	PRJNA356769_ITS2_ASV728	*
S	172	216	*	*	*	*	*	PRJNA356769_ITS2_ASV788	*
S	173	216	*	*	*	*	*	PRJNA356769_ITS2_ASV941	*
S	174	216	*	*	*	*	*	PRJNA356769_ITS2_ASV957	*
S	175	215	*	*	*	*	*	PRJNA356769_ITS2_ASV1022	*
S	176	215	*	*	*	*	*	PRJNA356769_ITS2_ASV1046	*
S	177	215	*	*	*	*	*	PRJNA356769_ITS2_ASV1072	*
H	176	215	99.1	+	0	0	215M	PRJNA356769_ITS2_ASV127	PRJNA356769_ITS2_ASV1046
S	178	215	*	*	*	*	*	PRJNA356769_ITS2_ASV152	*
S	179	215	*	*	*	*	*	PRJNA356769_ITS2_ASV163	*
H	176	215	99.5	+	0	0	215M	PRJNA356769_ITS2_ASV176	PRJNA356769_ITS2_ASV1046
S	180	215	*	*	*	*	*	PRJNA356769_ITS2_ASV281	*
H	179	215	99.1	+	0	0	215M	PRJNA356769_ITS2_ASV305	PRJNA356769_ITS2_ASV163
H	179	215	99.1	+	0	0	215M	PRJNA356769_ITS2_ASV319	PRJNA356769_ITS2_ASV163
S	181	215	*	*	*	*	*	PRJNA356769_ITS2_ASV355	*
S	182	215	*	*	*	*	*	PRJNA356769_ITS2_ASV367	*
H	181	215	99.1	+	0	0	215M	PRJNA356769_ITS2_ASV390	PRJNA356769_ITS2_ASV355
H	176	215	98.6	+	0	0	215M	PRJNA356769_ITS2_ASV4	PRJNA356769_ITS2_ASV1046
S	183	215	*	*	*	*	*	PRJNA356769_ITS2_ASV58	*
S	184	215	*	*	*	*	*	PRJNA356769_ITS2_ASV634	*
H	181	215	99.5	+	0	0	215M	PRJNA356769_ITS2_ASV693	PRJNA356769_ITS2_ASV355
H	179	215	99.5	+	0	0	215M	PRJNA356769_ITS2_ASV7	PRJNA356769_ITS2_ASV163
H	175	215	98.6	+	0	0	215M	PRJNA356769_ITS2_ASV839	PRJNA356769_ITS2_ASV1022
S	185	215	*	*	*	*	*	PRJNA356769_ITS2_ASV884	*
S	186	215	*	*	*	*	*	PRJNA356769_ITS2_ASV912	*
S	187	214	*	*	*	*	*	PRJNA356769_ITS2_ASV195	*
S	188	214	*	*	*	*	*	PRJNA356769_ITS2_ASV227	*
S	189	214	*	*	*	*	*	PRJNA356769_ITS2_ASV267	*
H	188	214	99.1	+	0	0	214M	PRJNA356769_ITS2_ASV271	PRJNA356769_ITS2_ASV227
S	190	214	*	*	*	*	*	PRJNA356769_ITS2_ASV280	*
S	191	214	*	*	*	*	*	PRJNA356769_ITS2_ASV434	*
S	192	214	*	*	*	*	*	PRJNA356769_ITS2_ASV535	*
S	193	214	*	*	*	*	*	PRJNA356769_ITS2_ASV545	*
H	188	214	99.5	+	0	0	214M	PRJNA356769_ITS2_ASV890	PRJNA356769_ITS2_ASV227
S	194	214	*	*	*	*	*	PRJNA356769_ITS2_ASV970	*
S	195	213	*	*	*	*	*	PRJNA356769_ITS2_ASV1068	*
S	196	213	*	*	*	*	*	PRJNA356769_ITS2_ASV462	*
S	197	213	*	*	*	*	*	PRJNA356769_ITS2_ASV579	*
H	197	213	99.5	+	0	0	213M	PRJNA356769_ITS2_ASV600	PRJNA356769_ITS2_ASV579
S	198	213	*	*	*	*	*	PRJNA356769_ITS2_ASV793	*
S	199	213	*	*	*	*	*	PRJNA356769_ITS2_ASV989	*
S	200	212	*	*	*	*	*	PRJNA356769_ITS2_ASV1087	*
S	201	212	*	*	*	*	*	PRJNA356769_ITS2_ASV316	*
S	202	212	*	*	*	*	*	PRJNA356769_ITS2_ASV418	*
S	203	212	*	*	*	*	*	PRJNA356769_ITS2_ASV628	*
S	204	212	*	*	*	*	*	PRJNA356769_ITS2_ASV64	*
S	205	211	*	*	*	*	*	PRJNA356769_ITS2_ASV104	*
S	206	211	*	*	*	*	*	PRJNA356769_ITS2_ASV1061	*
S	207	211	*	*	*	*	*	PRJNA356769_ITS2_ASV1076	*
S	208	211	*	*	*	*	*	PRJNA356769_ITS2_ASV1088	*
S	209	211	*	*	*	*	*	PRJNA356769_ITS2_ASV134	*
S	210	211	*	*	*	*	*	PRJNA356769_ITS2_ASV150	*
H	206	211	99.5	+	0	0	211M	PRJNA356769_ITS2_ASV328	PRJNA356769_ITS2_ASV1061
S	211	211	*	*	*	*	*	PRJNA356769_ITS2_ASV359	*
S	212	211	*	*	*	*	*	PRJNA356769_ITS2_ASV420	*
H	207	211	98.6	+	0	0	211M	PRJNA356769_ITS2_ASV438	PRJNA356769_ITS2_ASV1076
S	213	211	*	*	*	*	*	PRJNA356769_ITS2_ASV562	*
S	214	211	*	*	*	*	*	PRJNA356769_ITS2_ASV633	*
S	215	211	*	*	*	*	*	PRJNA356769_ITS2_ASV661	*
H	213	211	99.5	+	0	0	211M	PRJNA356769_ITS2_ASV753	PRJNA356769_ITS2_ASV562
H	212	211	99.5	+	0	0	211M	PRJNA356769_ITS2_ASV906	PRJNA356769_ITS2_ASV420
H	208	211	99.5	+	0	0	211M	PRJNA356769_ITS2_ASV908	PRJNA356769_ITS2_ASV1088
H	207	211	98.6	+	0	0	211M	PRJNA356769_ITS2_ASV932	PRJNA356769_ITS2_ASV1076
H	213	210	99.1	+	0	0	14MI196M	PRJNA356769_ITS2_ASV1043	PRJNA356769_ITS2_ASV562
S	216	210	*	*	*	*	*	PRJNA356769_ITS2_ASV473	*
S	217	210	*	*	*	*	*	PRJNA356769_ITS2_ASV493	*
S	218	210	*	*	*	*	*	PRJNA356769_ITS2_ASV505	*
S	219	210	*	*	*	*	*	PRJNA356769_ITS2_ASV516	*
S	220	210	*	*	*	*	*	PRJNA356769_ITS2_ASV544	*
S	221	210	*	*	*	*	*	PRJNA356769_ITS2_ASV55	*
S	222	210	*	*	*	*	*	PRJNA356769_ITS2_ASV733	*
S	223	210	*	*	*	*	*	PRJNA356769_ITS2_ASV740	*
S	224	209	*	*	*	*	*	PRJNA356769_ITS2_ASV1031	*
S	225	209	*	*	*	*	*	PRJNA356769_ITS2_ASV1047	*
H	225	209	99.5	+	0	0	209M	PRJNA356769_ITS2_ASV178	PRJNA356769_ITS2_ASV1047
S	226	209	*	*	*	*	*	PRJNA356769_ITS2_ASV187	*
S	227	209	*	*	*	*	*	PRJNA356769_ITS2_ASV205	*
H	213	209	99.1	+	0	0	16MI38MI155M	PRJNA356769_ITS2_ASV236	PRJNA356769_ITS2_ASV562
S	228	209	*	*	*	*	*	PRJNA356769_ITS2_ASV32	*
S	229	209	*	*	*	*	*	PRJNA356769_ITS2_ASV395	*
S	230	209	*	*	*	*	*	PRJNA356769_ITS2_ASV410	*
S	231	209	*	*	*	*	*	PRJNA356769_ITS2_ASV676	*
H	230	209	99.5	+	0	0	209M	PRJNA356769_ITS2_ASV726	PRJNA356769_ITS2_ASV410
S	232	209	*	*	*	*	*	PRJNA356769_ITS2_ASV963	*
H	222	209	99.0	+	0	0	16MI193M	PRJNA356769_ITS2_ASV982	PRJNA356769_ITS2_ASV733
S	233	208	*	*	*	*	*	PRJNA356769_ITS2_ASV1064	*
S	234	208	*	*	*	*	*	PRJNA356769_ITS2_ASV1070	*
H	225	208	98.6	+	0	0	14MI194M	PRJNA356769_ITS2_ASV109	PRJNA356769_ITS2_ASV1047
H	234	208	98.6	+	0	0	208M	PRJNA356769_ITS2_ASV211	PRJNA356769_ITS2_ASV1070
S	235	208	*	*	*	*	*	PRJNA356769_ITS2_ASV307	*
S	236	208	*	*	*	*	*	PRJNA356769_ITS2_ASV50	*
H	233	208	98.6	+	0	0	208M	PRJNA356769_ITS2_ASV704	PRJNA356769_ITS2_ASV1064
H	234	208	99.0	+	0	0	208M	PRJNA356769_ITS2_ASV791	PRJNA356769_ITS2_ASV1070
S	237	208	*	*	*	*	*	PRJNA356769_ITS2_ASV796	*
S	238	208	*	*	*	*	*	PRJNA356769_ITS2_ASV865	*
S	239	208	*	*	*	*	*	PRJNA356769_ITS2_ASV876	*
S	240	208	*	*	*	*	*	PRJNA356769_ITS2_ASV917	*
H	234	208	99.0	+	0	0	208M	PRJNA356769_ITS2_ASV936	PRJNA356769_ITS2_ASV1070
H	234	208	99.5	+	0	0	208M	PRJNA356769_ITS2_ASV995	PRJNA356769_ITS2_ASV1070
S	241	207	*	*	*	*	*	PRJNA356769_ITS2_ASV1099	*
S	242	207	*	*	*	*	*	PRJNA356769_ITS2_ASV194	*
S	243	207	*	*	*	*	*	PRJNA356769_ITS2_ASV207	*
H	237	207	99.0	+	0	0	18MI189M	PRJNA356769_ITS2_ASV229	PRJNA356769_ITS2_ASV796
H	237	207	99.5	+	0	0	18MI189M	PRJNA356769_ITS2_ASV286	PRJNA356769_ITS2_ASV796
S	244	207	*	*	*	*	*	PRJNA356769_ITS2_ASV302	*
S	245	207	*	*	*	*	*	PRJNA356769_ITS2_ASV510	*
S	246	207	*	*	*	*	*	PRJNA356769_ITS2_ASV529	*
S	247	207	*	*	*	*	*	PRJNA356769_ITS2_ASV638	*
H	246	207	99.0	+	0	0	207M	PRJNA356769_ITS2_ASV679	PRJNA356769_ITS2_ASV529
S	248	207	*	*	*	*	*	PRJNA356769_ITS2_ASV724	*
S	249	207	*	*	*	*	*	PRJNA356769_ITS2_ASV8	*
S	250	206	*	*	*	*	*	PRJNA356769_ITS2_ASV1040	*
S	251	206	*	*	*	*	*	PRJNA356769_ITS2_ASV1048	*
S	252	206	*	*	*	*	*	PRJNA356769_ITS2_ASV1081	*
S	253	206	*	*	*	*	*	PRJNA356769_ITS2_ASV193	*
S	254	206	*	*	*	*	*	PRJNA356769_ITS2_ASV228	*
H	246	206	99.0	+	0	0	7MI199M	PRJNA356769_ITS2_ASV251	PRJNA356769_ITS2_ASV529
S	255	206	*	*	*	*	*	PRJNA356769_ITS2_ASV330	*
S	256	206	*	*	*	*	*	PRJNA356769_ITS2_ASV423	*
S	257	206	*	*	*	*	*	PRJNA356769_ITS2_ASV599	*
H	256	206	98.5	+	0	0	206M	PRJNA356769_ITS2_ASV659	PRJNA356769_ITS2_ASV423
H	256	206	99.0	+	0	0	206M	PRJNA356769_ITS2_ASV666	PRJNA356769_ITS2_ASV423
S	258	206	*	*	*	*	*	PRJNA356769_ITS2_ASV680	*
S	259	206	*	*	*	*	*	PRJNA356769_ITS2_ASV829	*
S	260	205	*	*	*	*	*	PRJNA356769_ITS2_ASV1050	*
S	261	205	*	*	*	*	*	PRJNA356769_ITS2_ASV1079	*
S	262	205	*	*	*	*	*	PRJNA356769_ITS2_ASV124	*
S	263	205	*	*	*	*	*	PRJNA356769_ITS2_ASV136	*
H	261	205	99.0	+	0	0	205M	PRJNA356769_ITS2_ASV161	PRJNA356769_ITS2_ASV1079
S	264	205	*	*	*	*	*	PRJNA356769_ITS2_ASV174	*
H	250	205	98.5	+	0	0	7MI198M	PRJNA356769_ITS2_ASV243	PRJNA356769_ITS2_ASV1040
S	265	205	*	*	*	*	*	PRJNA356769_ITS2_ASV282	*
H	264	205	99.5	+	0	0	205M	PRJNA356769_ITS2_ASV351	PRJNA356769_ITS2_ASV174
H	264	205	99.0	+	0	0	205M	PRJNA356769_ITS2_ASV401	PRJNA356769_ITS2_ASV174
H	260	205	98.5	+	0	0	205M	PRJNA356769_ITS2_ASV46	PRJNA356769_ITS2_ASV1050
H	264	205	98.5	+	0	0	205M	PRJNA356769_ITS2_ASV515	PRJNA356769_ITS2_ASV174
S	266	205	*	*	*	*	*	PRJNA356769_ITS2_ASV531	*
H	266	205	99.0	+	0	0	205M	PRJNA356769_ITS2_ASV563	PRJNA356769_ITS2_ASV531
H	266	205	99.5	+	0	0	205M	PRJNA356769_ITS2_ASV629	PRJNA356769_ITS2_ASV531
S	267	205	*	*	*	*	*	PRJNA356769_ITS2_ASV651	*
H	265	205	99.5	+	0	0	205M	PRJNA356769_ITS2_ASV664	PRJNA356769_ITS2_ASV282
H	264	205	99.0	+	0	0	205M	PRJNA356769_ITS2_ASV73	PRJNA356769_ITS2_ASV174
S	268	205	*	*	*	*	*	PRJNA356769_ITS2_ASV750	*
S	269	205	*	*	*	*	*	PRJNA356769_ITS2_ASV775	*
H	264	205	99.5	+	0	0	205M	PRJNA356769_ITS2_ASV789	PRJNA356769_ITS2_ASV174
H	268	205	99.5	+	0	0	205M	PRJNA356769_ITS2_ASV806	PRJNA356769_ITS2_ASV750
H	254	205	99.5	+	0	0	153MI52M	PRJNA356769_ITS2_ASV811	PRJNA356769_ITS2_ASV228
H	264	205	99.0	+	0	0	205M	PRJNA356769_ITS2_ASV847	PRJNA356769_ITS2_ASV174
S	270	205	*	*	*	*	*	PRJNA356769_ITS2_ASV870	*
H	268	205	99.0	+	0	0	205M	PRJNA356769_ITS2_ASV887	PRJNA356769_ITS2_ASV750
H	264	205	99.0	+	0	0	205M	PRJNA356769_ITS2_ASV922	PRJNA356769_ITS2_ASV174
S	271	205	*	*	*	*	*	PRJNA356769_ITS2_ASV930	*
H	260	204	98.5	+	0	0	6MI198M	PRJNA356769_ITS2_ASV102	PRJNA356769_ITS2_ASV1050
S	272	204	*	*	*	*	*	PRJNA356769_ITS2_ASV118	*
S	273	204	*	*	*	*	*	PRJNA356769_ITS2_ASV17	*
S	274	204	*	*	*	*	*	PRJNA356769_ITS2_ASV200	*
S	275	204	*	*	*	*	*	PRJNA356769_ITS2_ASV256	*
S	276	204	*	*	*	*	*	PRJNA356769_ITS2_ASV343	*
S	277	204	*	*	*	*	*	PRJNA356769_ITS2_ASV585	*
S	278	204	*	*	*	*	*	PRJNA356769_ITS2_ASV6	*
S	279	204	*	*	*	*	*	PRJNA356769_ITS2_ASV799	*
H	278	204	98.5	+	0	0	204M	PRJNA356769_ITS2_ASV822	PRJNA356769_ITS2_ASV6
S	280	204	*	*	*	*	*	PRJNA356769_ITS2_ASV844	*
S	281	204	*	*	*	*	*	PRJNA356769_ITS2_ASV848	*
H	280	204	99.5	+	0	0	204M	PRJNA356769_ITS2_ASV869	PRJNA356769_ITS2_ASV844
S	282	204	*	*	*	*	*	PRJNA356769_ITS2_ASV997	*
S	283	203	*	*	*	*	*	PRJNA356769_ITS2_ASV190	*
S	284	203	*	*	*	*	*	PRJNA356769_ITS2_ASV247	*
S	285	202	*	*	*	*	*	PRJNA356769_ITS2_ASV2	*
H	285	202	98.5	+	0	0	202M	PRJNA356769_ITS2_ASV273	PRJNA356769_ITS2_ASV2
S	286	202	*	*	*	*	*	PRJNA356769_ITS2_ASV360	*
S	287	202	*	*	*	*	*	PRJNA356769_ITS2_ASV561	*
S	288	202	*	*	*	*	*	PRJNA356769_ITS2_ASV801	*
S	289	201	*	*	*	*	*	PRJNA356769_ITS2_ASV440	*
S	290	201	*	*	*	*	*	PRJNA356769_ITS2_ASV569	*
H	287	201	98.5	+	0	0	19MI182M	PRJNA356769_ITS2_ASV774	PRJNA356769_ITS2_ASV561
S	291	200	*	*	*	*	*	PRJNA356769_ITS2_ASV1089	*
S	292	200	*	*	*	*	*	PRJNA356769_ITS2_ASV1093	*
S	293	200	*	*	*	*	*	PRJNA356769_ITS2_ASV272	*
S	294	199	*	*	*	*	*	PRJNA356769_ITS2_ASV299	*
S	295	199	*	*	*	*	*	PRJNA356769_ITS2_ASV524	*
S	296	199	*	*	*	*	*	PRJNA356769_ITS2_ASV571	*
H	295	199	99.5	+	0	0	199M	PRJNA356769_ITS2_ASV951	PRJNA356769_ITS2_ASV524
S	297	198	*	*	*	*	*	PRJNA356769_ITS2_ASV1016	*
S	298	198	*	*	*	*	*	PRJNA356769_ITS2_ASV547	*
S	299	198	*	*	*	*	*	PRJNA356769_ITS2_ASV694	*
S	300	198	*	*	*	*	*	PRJNA356769_ITS2_ASV874	*
S	301	197	*	*	*	*	*	PRJNA356769_ITS2_ASV525	*
S	302	197	*	*	*	*	*	PRJNA356769_ITS2_ASV766	*
S	303	196	*	*	*	*	*	PRJNA356769_ITS2_ASV182	*
S	304	196	*	*	*	*	*	PRJNA356769_ITS2_ASV478	*
S	305	196	*	*	*	*	*	PRJNA356769_ITS2_ASV501	*
S	306	196	*	*	*	*	*	PRJNA356769_ITS2_ASV867	*
S	307	196	*	*	*	*	*	PRJNA356769_ITS2_ASV87	*
S	308	195	*	*	*	*	*	PRJNA356769_ITS2_ASV519	*
S	309	195	*	*	*	*	*	PRJNA356769_ITS2_ASV663	*
S	310	195	*	*	*	*	*	PRJNA356769_ITS2_ASV826	*
S	311	195	*	*	*	*	*	PRJNA356769_ITS2_ASV904	*
S	312	195	*	*	*	*	*	PRJNA356769_ITS2_ASV956	*
S	313	194	*	*	*	*	*	PRJNA356769_ITS2_ASV1025	*
S	314	194	*	*	*	*	*	PRJNA356769_ITS2_ASV1102	*
H	313	194	99.5	+	0	0	194M	PRJNA356769_ITS2_ASV554	PRJNA356769_ITS2_ASV1025
S	315	194	*	*	*	*	*	PRJNA356769_ITS2_ASV587	*
S	316	194	*	*	*	*	*	PRJNA356769_ITS2_ASV705	*
S	317	194	*	*	*	*	*	PRJNA356769_ITS2_ASV763	*
S	318	194	*	*	*	*	*	PRJNA356769_ITS2_ASV776	*
S	319	194	*	*	*	*	*	PRJNA356769_ITS2_ASV913	*
S	320	194	*	*	*	*	*	PRJNA356769_ITS2_ASV999	*
S	321	193	*	*	*	*	*	PRJNA356769_ITS2_ASV246	*
S	322	193	*	*	*	*	*	PRJNA356769_ITS2_ASV326	*
H	322	193	99.5	+	0	0	193M	PRJNA356769_ITS2_ASV35	PRJNA356769_ITS2_ASV326
S	323	193	*	*	*	*	*	PRJNA356769_ITS2_ASV426	*
S	324	193	*	*	*	*	*	PRJNA356769_ITS2_ASV725	*
S	325	193	*	*	*	*	*	PRJNA356769_ITS2_ASV864	*
S	326	192	*	*	*	*	*	PRJNA356769_ITS2_ASV266	*
S	327	192	*	*	*	*	*	PRJNA356769_ITS2_ASV520	*
H	327	192	99.0	+	0	0	192M	PRJNA356769_ITS2_ASV567	PRJNA356769_ITS2_ASV520
H	327	192	99.5	+	0	0	192M	PRJNA356769_ITS2_ASV712	PRJNA356769_ITS2_ASV520
S	328	192	*	*	*	*	*	PRJNA356769_ITS2_ASV873	*
S	329	191	*	*	*	*	*	PRJNA356769_ITS2_ASV324	*
S	330	191	*	*	*	*	*	PRJNA356769_ITS2_ASV517	*
S	331	191	*	*	*	*	*	PRJNA356769_ITS2_ASV528	*
S	332	191	*	*	*	*	*	PRJNA356769_ITS2_ASV616	*
S	333	190	*	*	*	*	*	PRJNA356769_ITS2_ASV254	*
S	334	190	*	*	*	*	*	PRJNA356769_ITS2_ASV441	*
H	334	190	98.9	+	0	0	190M	PRJNA356769_ITS2_ASV522	PRJNA356769_ITS2_ASV441
S	335	190	*	*	*	*	*	PRJNA356769_ITS2_ASV631	*
S	336	189	*	*	*	*	*	PRJNA356769_ITS2_ASV1052	*
S	337	189	*	*	*	*	*	PRJNA356769_ITS2_ASV107	*
S	338	189	*	*	*	*	*	PRJNA356769_ITS2_ASV126	*
S	339	188	*	*	*	*	*	PRJNA356769_ITS2_ASV129	*
S	340	188	*	*	*	*	*	PRJNA356769_ITS2_ASV237	*
S	341	188	*	*	*	*	*	PRJNA356769_ITS2_ASV494	*
S	342	188	*	*	*	*	*	PRJNA356769_ITS2_ASV497	*
S	343	188	*	*	*	*	*	PRJNA356769_ITS2_ASV76	*
S	344	188	*	*	*	*	*	PRJNA356769_ITS2_ASV768	*
S	345	188	*	*	*	*	*	PRJNA356769_ITS2_ASV896	*
H	343	188	98.9	+	0	0	188M	PRJNA356769_ITS2_ASV988	PRJNA356769_ITS2_ASV76
S	346	187	*	*	*	*	*	PRJNA356769_ITS2_ASV13	*
S	347	187	*	*	*	*	*	PRJNA356769_ITS2_ASV224	*
S	348	187	*	*	*	*	*	PRJNA356769_ITS2_ASV235	*
H	346	187	99.5	+	0	0	187M	PRJNA356769_ITS2_ASV365	PRJNA356769_ITS2_ASV13
S	349	187	*	*	*	*	*	PRJNA356769_ITS2_ASV560	*
H	349	187	99.5	+	0	0	187M	PRJNA356769_ITS2_ASV611	PRJNA356769_ITS2_ASV560
S	350	187	*	*	*	*	*	PRJNA356769_ITS2_ASV626	*
S	351	187	*	*	*	*	*	PRJNA356769_ITS2_ASV632	*
H	347	187	99.5	+	0	0	187M	PRJNA356769_ITS2_ASV866	PRJNA356769_ITS2_ASV224
S	352	186	*	*	*	*	*	PRJNA356769_ITS2_ASV1011	*
S	353	186	*	*	*	*	*	PRJNA356769_ITS2_ASV108	*
S	354	186	*	*	*	*	*	PRJNA356769_ITS2_ASV1103	*
S	355	186	*	*	*	*	*	PRJNA356769_ITS2_ASV181	*
S	356	186	*	*	*	*	*	PRJNA356769_ITS2_ASV24	*
S	357	186	*	*	*	*	*	PRJNA356769_ITS2_ASV452	*
S	358	186	*	*	*	*	*	PRJNA356769_ITS2_ASV591	*
S	359	186	*	*	*	*	*	PRJNA356769_ITS2_ASV656	*
S	360	186	*	*	*	*	*	PRJNA356769_ITS2_ASV752	*
S	361	186	*	*	*	*	*	PRJNA356769_ITS2_ASV782	*
S	362	186	*	*	*	*	*	PRJNA356769_ITS2_ASV786	*
H	354	186	99.5	+	0	0	186M	PRJNA356769_ITS2_ASV82	PRJNA356769_ITS2_ASV1103
H	362	186	98.9	+	0	0	186M	PRJNA356769_ITS2_ASV861	PRJNA356769_ITS2_ASV786
S	363	185	*	*	*	*	*	PRJNA356769_ITS2_ASV1026	*
S	364	185	*	*	*	*	*	PRJNA356769_ITS2_ASV103	*
S	365	185	*	*	*	*	*	PRJNA356769_ITS2_ASV1096	*
S	366	185	*	*	*	*	*	PRJNA356769_ITS2_ASV1097	*
S	367	185	*	*	*	*	*	PRJNA356769_ITS2_ASV110	*
H	365	185	99.5	+	0	0	185M	PRJNA356769_ITS2_ASV122	PRJNA356769_ITS2_ASV1096
S	368	185	*	*	*	*	*	PRJNA356769_ITS2_ASV180	*
S	369	185	*	*	*	*	*	PRJNA356769_ITS2_ASV201	*
H	364	185	99.5	+	0	0	185M	PRJNA356769_ITS2_ASV21	PRJNA356769_ITS2_ASV103
S	370	185	*	*	*	*	*	PRJNA356769_ITS2_ASV270	*
S	371	185	*	*	*	*	*	PRJNA356769_ITS2_ASV315	*
S	372	185	*	*	*	*	*	PRJNA356769_ITS2_ASV36	*
H	363	185	99.5	+	0	0	185M	PRJNA356769_ITS2_ASV364	PRJNA356769_ITS2_ASV1026
S	373	185	*	*	*	*	*	PRJNA356769_ITS2_ASV370	*
S	374	185	*	*	*	*	*	PRJNA356769_ITS2_ASV38	*
H	362	185	98.9	+	0	0	88MI97M	PRJNA356769_ITS2_ASV39	PRJNA356769_ITS2_ASV786
S	375	185	*	*	*	*	*	PRJNA356769_ITS2_ASV51	*
S	376	185	*	*	*	*	*	PRJNA356769_ITS2_ASV59	*
S	377	185	*	*	*	*	*	PRJNA356769_ITS2_ASV612	*
S	378	185	*	*	*	*	*	PRJNA356769_ITS2_ASV646	*
S	379	185	*	*	*	*	*	PRJNA356769_ITS2_ASV670	*
S	380	185	*	*	*	*	*	PRJNA356769_ITS2_ASV691	*
H	377	185	99.5	+	0	0	185M	PRJNA356769_ITS2_ASV706	PRJNA356769_ITS2_ASV612
S	381	185	*	*	*	*	*	PRJNA356769_ITS2_ASV79	*
S	382	185	*	*	*	*	*	PRJNA356769_ITS2_ASV816	*
S	383	185	*	*	*	*	*	PRJNA356769_ITS2_ASV850	*
S	384	185	*	*	*	*	*	PRJNA356769_ITS2_ASV862	*
H	364	185	98.9	+	0	0	185M	PRJNA356769_ITS2_ASV872	PRJNA356769_ITS2_ASV103
H	370	185	98.9	+	0	0	185M	PRJNA356769_ITS2_ASV886	PRJNA356769_ITS2_ASV270
S	385	185	*	*	*	*	*	PRJNA356769_ITS2_ASV903	*
S	386	185	*	*	*	*	*	PRJNA356769_ITS2_ASV923	*
S	387	185	*	*	*	*	*	PRJNA356769_ITS2_ASV926	*
S	388	185	*	*	*	*	*	PRJNA356769_ITS2_ASV950	*
S	389	185	*	*	*	*	*	PRJNA356769_ITS2_ASV994	*
S	390	184	*	*	*	*	*	PRJNA356769_ITS2_ASV334	*
S	391	184	*	*	*	*	*	PRJNA356769_ITS2_ASV476	*
S	392	184	*	*	*	*	*	PRJNA356769_ITS2_ASV499	*
S	393	184	*	*	*	*	*	PRJNA356769_ITS2_ASV853	*
S	394	183	*	*	*	*	*	PRJNA356769_ITS2_ASV125	*
S	395	183	*	*	*	*	*	PRJNA356769_ITS2_ASV598	*
S	396	183	*	*	*	*	*	PRJNA356769_ITS2_ASV800	*
S	397	183	*	*	*	*	*	PRJNA356769_ITS2_ASV837	*
S	398	182	*	*	*	*	*	PRJNA356769_ITS2_ASV1045	*
S	399	182	*	*	*	*	*	PRJNA356769_ITS2_ASV230	*
S	400	182	*	*	*	*	*	PRJNA356769_ITS2_ASV310	*
S	401	182	*	*	*	*	*	PRJNA356769_ITS2_ASV333	*
S	402	182	*	*	*	*	*	PRJNA356769_ITS2_ASV453	*
S	403	182	*	*	*	*	*	PRJNA356769_ITS2_ASV89	*
S	404	181	*	*	*	*	*	PRJNA356769_ITS2_ASV1057	*
S	405	181	*	*	*	*	*	PRJNA356769_ITS2_ASV527	*
S	406	181	*	*	*	*	*	PRJNA356769_ITS2_ASV909	*
S	407	181	*	*	*	*	*	PRJNA356769_ITS2_ASV990	*
S	408	180	*	*	*	*	*	PRJNA356769_ITS2_ASV226	*
S	409	180	*	*	*	*	*	PRJNA356769_ITS2_ASV306	*
H	404	180	99.4	+	0	0	15MI165M	PRJNA356769_ITS2_ASV498	PRJNA356769_ITS2_ASV1057
S	410	180	*	*	*	*	*	PRJNA356769_ITS2_ASV649	*
S	411	180	*	*	*	*	*	PRJNA356769_ITS2_ASV996	*
S	412	179	*	*	*	*	*	PRJNA356769_ITS2_ASV863	*
S	413	179	*	*	*	*	*	PRJNA356769_ITS2_ASV976	*
S	414	178	*	*	*	*	*	PRJNA356769_ITS2_ASV1063	*
S	415	178	*	*	*	*	*	PRJNA356769_ITS2_ASV1067	*
S	416	178	*	*	*	*	*	PRJNA356769_ITS2_ASV321	*
S	417	178	*	*	*	*	*	PRJNA356769_ITS2_ASV327	*
S	418	178	*	*	*	*	*	PRJNA356769_ITS2_ASV580	*
S	419	178	*	*	*	*	*	PRJNA356769_ITS2_ASV808	*
S	420	177	*	*	*	*	*	PRJNA356769_ITS2_ASV12	*
S	421	177	*	*	*	*	*	PRJNA356769_ITS2_ASV475	*
S	422	177	*	*	*	*	*	PRJNA356769_ITS2_ASV620	*
S	423	177	*	*	*	*	*	PRJNA356769_ITS2_ASV765	*
H	421	177	99.4	+	0	0	177M	PRJNA356769_ITS2_ASV942	PRJNA356769_ITS2_ASV475
S	424	176	*	*	*	*	*	PRJNA356769_ITS2_ASV234	*
S	425	176	*	*	*	*	*	PRJNA356769_ITS2_ASV533	*
S	426	176	*	*	*	*	*	PRJNA356769_ITS2_ASV675	*
H	426	176	99.4	+	0	0	176M	PRJNA356769_ITS2_ASV77	PRJNA356769_ITS2_ASV675
H	425	176	99.4	+	0	0	176M	PRJNA356769_ITS2_ASV854	PRJNA356769_ITS2_ASV533
H	426	176	98.9	+	0	0	176M	PRJNA356769_ITS2_ASV987	PRJNA356769_ITS2_ASV675
S	427	175	*	*	*	*	*	PRJNA356769_ITS2_ASV350	*
S	428	175	*	*	*	*	*	PRJNA356769_ITS2_ASV57	*
S	429	175	*	*	*	*	*	PRJNA356769_ITS2_ASV757	*
S	430	175	*	*	*	*	*	PRJNA356769_ITS2_ASV955	*
S	431	174	*	*	*	*	*	PRJNA356769_ITS2_ASV257	*
S	432	174	*	*	*	*	*	PRJNA356769_ITS2_ASV29	*
H	429	174	98.9	+	0	0	164MI10M	PRJNA356769_ITS2_ASV313	PRJNA356769_ITS2_ASV757
S	433	174	*	*	*	*	*	PRJNA356769_ITS2_ASV318	*
S	434	174	*	*	*	*	*	PRJNA356769_ITS2_ASV477	*
S	435	174	*	*	*	*	*	PRJNA356769_ITS2_ASV614	*
S	436	174	*	*	*	*	*	PRJNA356769_ITS2_ASV802	*
H	434	173	99.4	+	0	0	173MI	PRJNA356769_ITS2_ASV503	PRJNA356769_ITS2_ASV477
S	437	173	*	*	*	*	*	PRJNA356769_ITS2_ASV720	*
S	438	173	*	*	*	*	*	PRJNA356769_ITS2_ASV915	*
S	439	172	*	*	*	*	*	PRJNA356769_ITS2_ASV202	*
S	440	172	*	*	*	*	*	PRJNA356769_ITS2_ASV566	*
S	441	172	*	*	*	*	*	PRJNA356769_ITS2_ASV667	*
S	442	172	*	*	*	*	*	PRJNA356769_ITS2_ASV731	*
S	443	172	*	*	*	*	*	PRJNA356769_ITS2_ASV792	*
H	443	172	99.4	+	0	0	172M	PRJNA356769_ITS2_ASV902	PRJNA356769_ITS2_ASV792
S	444	172	*	*	*	*	*	PRJNA356769_ITS2_ASV99	*
S	445	171	*	*	*	*	*	PRJNA356769_ITS2_ASV1023	*
S	446	171	*	*	*	*	*	PRJNA356769_ITS2_ASV1058	*
S	447	171	*	*	*	*	*	PRJNA356769_ITS2_ASV146	*
S	448	171	*	*	*	*	*	PRJNA356769_ITS2_ASV18	*
S	449	171	*	*	*	*	*	PRJNA356769_ITS2_ASV383	*
S	450	171	*	*	*	*	*	PRJNA356769_ITS2_ASV523	*
H	446	171	98.8	+	0	0	171M	PRJNA356769_ITS2_ASV603	PRJNA356769_ITS2_ASV1058
S	451	171	*	*	*	*	*	PRJNA356769_ITS2_ASV745	*
S	452	170	*	*	*	*	*	PRJNA356769_ITS2_ASV1074	*
S	453	170	*	*	*	*	*	PRJNA356769_ITS2_ASV338	*
S	454	170	*	*	*	*	*	PRJNA356769_ITS2_ASV391	*
S	455	170	*	*	*	*	*	PRJNA356769_ITS2_ASV413	*
H	454	170	99.4	+	0	0	170M	PRJNA356769_ITS2_ASV422	PRJNA356769_ITS2_ASV391
S	456	170	*	*	*	*	*	PRJNA356769_ITS2_ASV458	*
S	457	170	*	*	*	*	*	PRJNA356769_ITS2_ASV647	*
S	458	170	*	*	*	*	*	PRJNA356769_ITS2_ASV727	*
S	459	170	*	*	*	*	*	PRJNA356769_ITS2_ASV881	*
S	460	169	*	*	*	*	*	PRJNA356769_ITS2_ASV106	*
S	461	169	*	*	*	*	*	PRJNA356769_ITS2_ASV142	*
S	462	169	*	*	*	*	*	PRJNA356769_ITS2_ASV320	*
S	463	169	*	*	*	*	*	PRJNA356769_ITS2_ASV374	*
S	464	169	*	*	*	*	*	PRJNA356769_ITS2_ASV377	*
S	465	169	*	*	*	*	*	PRJNA356769_ITS2_ASV411	*
S	466	169	*	*	*	*	*	PRJNA356769_ITS2_ASV429	*
S	467	169	*	*	*	*	*	PRJNA356769_ITS2_ASV442	*
S	468	169	*	*	*	*	*	PRJNA356769_ITS2_ASV518	*
H	462	169	99.4	+	0	0	169M	PRJNA356769_ITS2_ASV537	PRJNA356769_ITS2_ASV320
H	467	169	99.4	+	0	0	169M	PRJNA356769_ITS2_ASV669	PRJNA356769_ITS2_ASV442
S	469	169	*	*	*	*	*	PRJNA356769_ITS2_ASV682	*
S	470	169	*	*	*	*	*	PRJNA356769_ITS2_ASV717	*
S	471	169	*	*	*	*	*	PRJNA356769_ITS2_ASV937	*
S	472	168	*	*	*	*	*	PRJNA356769_ITS2_ASV112	*
S	473	168	*	*	*	*	*	PRJNA356769_ITS2_ASV162	*
S	474	168	*	*	*	*	*	PRJNA356769_ITS2_ASV275	*
S	475	168	*	*	*	*	*	PRJNA356769_ITS2_ASV375	*
S	476	168	*	*	*	*	*	PRJNA356769_ITS2_ASV432	*
H	474	168	99.4	+	0	0	168M	PRJNA356769_ITS2_ASV511	PRJNA356769_ITS2_ASV275
S	477	168	*	*	*	*	*	PRJNA356769_ITS2_ASV583	*
S	478	168	*	*	*	*	*	PRJNA356769_ITS2_ASV701	*
S	479	168	*	*	*	*	*	PRJNA356769_ITS2_ASV820	*
S	480	168	*	*	*	*	*	PRJNA356769_ITS2_ASV959	*
S	481	167	*	*	*	*	*	PRJNA356769_ITS2_ASV1051	*
S	482	167	*	*	*	*	*	PRJNA356769_ITS2_ASV1078	*
S	483	167	*	*	*	*	*	PRJNA356769_ITS2_ASV149	*
S	484	167	*	*	*	*	*	PRJNA356769_ITS2_ASV157	*
S	485	167	*	*	*	*	*	PRJNA356769_ITS2_ASV384	*
S	486	167	*	*	*	*	*	PRJNA356769_ITS2_ASV577	*
S	487	167	*	*	*	*	*	PRJNA356769_ITS2_ASV69	*
S	488	167	*	*	*	*	*	PRJNA356769_ITS2_ASV851	*
S	489	167	*	*	*	*	*	PRJNA356769_ITS2_ASV855	*
H	488	167	99.4	+	0	0	167M	PRJNA356769_ITS2_ASV880	PRJNA356769_ITS2_ASV851
S	490	167	*	*	*	*	*	PRJNA356769_ITS2_ASV969	*
S	491	166	*	*	*	*	*	PRJNA356769_ITS2_ASV203	*
S	492	166	*	*	*	*	*	PRJNA356769_ITS2_ASV277	*
S	493	166	*	*	*	*	*	PRJNA356769_ITS2_ASV28	*
H	493	166	99.4	+	0	0	166M	PRJNA356769_ITS2_ASV378	PRJNA356769_ITS2_ASV28
S	494	166	*	*	*	*	*	PRJNA356769_ITS2_ASV436	*
S	495	166	*	*	*	*	*	PRJNA356769_ITS2_ASV596	*
S	496	166	*	*	*	*	*	PRJNA356769_ITS2_ASV615	*
S	497	166	*	*	*	*	*	PRJNA356769_ITS2_ASV642	*
S	498	166	*	*	*	*	*	PRJNA356769_ITS2_ASV780	*
S	499	166	*	*	*	*	*	PRJNA356769_ITS2_ASV933	*
S	500	166	*	*	*	*	*	PRJNA356769_ITS2_ASV945	*
S	501	166	*	*	*	*	*	PRJNA356769_ITS2_ASV960	*
S	502	166	*	*	*	*	*	PRJNA356769_ITS2_ASV998	*
S	503	165	*	*	*	*	*	PRJNA356769_ITS2_ASV3	*
H	491	165	98.8	+	0	0	37MI128M	PRJNA356769_ITS2_ASV304	PRJNA356769_ITS2_ASV203
S	504	165	*	*	*	*	*	PRJNA356769_ITS2_ASV312	*
S	505	165	*	*	*	*	*	PRJNA356769_ITS2_ASV325	*
S	506	165	*	*	*	*	*	PRJNA356769_ITS2_ASV532	*
S	507	165	*	*	*	*	*	PRJNA356769_ITS2_ASV56	*
S	508	165	*	*	*	*	*	PRJNA356769_ITS2_ASV624	*
H	501	165	99.4	+	0	0	36MI129M	PRJNA356769_ITS2_ASV687	PRJNA356769_ITS2_ASV960
S	509	165	*	*	*	*	*	PRJNA356769_ITS2_ASV721	*
H	491	165	99.4	+	0	0	37MI128M	PRJNA356769_ITS2_ASV755	PRJNA356769_ITS2_ASV203
S	510	165	*	*	*	*	*	PRJNA356769_ITS2_ASV813	*
S	511	165	*	*	*	*	*	PRJNA356769_ITS2_ASV920	*
H	494	165	98.8	+	0	0	165MI	PRJNA356769_ITS2_ASV927	PRJNA356769_ITS2_ASV436
S	512	164	*	*	*	*	*	PRJNA356769_ITS2_ASV1077	*
S	513	164	*	*	*	*	*	PRJNA356769_ITS2_ASV117	*
S	514	164	*	*	*	*	*	PRJNA356769_ITS2_ASV213	*
S	515	164	*	*	*	*	*	PRJNA356769_ITS2_ASV276	*
S	516	164	*	*	*	*	*	PRJNA356769_ITS2_ASV358	*
S	517	164	*	*	*	*	*	PRJNA356769_ITS2_ASV408	*
H	515	164	99.4	+	0	0	164M	PRJNA356769_ITS2_ASV42	PRJNA356769_ITS2_ASV276
S	518	164	*	*	*	*	*	PRJNA356769_ITS2_ASV446	*
H	516	164	99.4	+	0	0	164M	PRJNA356769_ITS2_ASV456	PRJNA356769_ITS2_ASV358
S	519	164	*	*	*	*	*	PRJNA356769_ITS2_ASV552	*
H	516	164	99.4	+	0	0	164M	PRJNA356769_ITS2_ASV636	PRJNA356769_ITS2_ASV358
H	515	164	99.4	+	0	0	164M	PRJNA356769_ITS2_ASV708	PRJNA356769_ITS2_ASV276
S	520	164	*	*	*	*	*	PRJNA356769_ITS2_ASV739	*
S	521	164	*	*	*	*	*	PRJNA356769_ITS2_ASV840	*
S	522	164	*	*	*	*	*	PRJNA356769_ITS2_ASV857	*
H	521	164	99.4	+	0	0	164M	PRJNA356769_ITS2_ASV935	PRJNA356769_ITS2_ASV840
H	516	164	99.4	+	0	0	164M	PRJNA356769_ITS2_ASV939	PRJNA356769_ITS2_ASV358
S	523	164	*	*	*	*	*	PRJNA356769_ITS2_ASV953	*
S	524	163	*	*	*	*	*	PRJNA356769_ITS2_ASV137	*
S	525	163	*	*	*	*	*	PRJNA356769_ITS2_ASV188	*
H	519	163	98.8	+	0	0	79MI84M	PRJNA356769_ITS2_ASV217	PRJNA356769_ITS2_ASV552
H	525	163	99.4	+	0	0	163M	PRJNA356769_ITS2_ASV371	PRJNA356769_ITS2_ASV188
H	516	163	99.4	+	0	0	43MI120M	PRJNA356769_ITS2_ASV389	PRJNA356769_ITS2_ASV358
H	516	163	98.8	+	0	0	43MI120M	PRJNA356769_ITS2_ASV433	PRJNA356769_ITS2_ASV358
S	526	163	*	*	*	*	*	PRJNA356769_ITS2_ASV465	*
H	516	163	98.8	+	0	0	43MI120M	PRJNA356769_ITS2_ASV648	PRJNA356769_ITS2_ASV358
S	527	163	*	*	*	*	*	PRJNA356769_ITS2_ASV702	*
S	528	163	*	*	*	*	*	PRJNA356769_ITS2_ASV784	*
S	529	163	*	*	*	*	*	PRJNA356769_ITS2_ASV785	*
H	525	163	98.8	+	0	0	163M	PRJNA356769_ITS2_ASV824	PRJNA356769_ITS2_ASV188
H	516	163	98.8	+	0	0	44MI119M	PRJNA356769_ITS2_ASV91	PRJNA356769_ITS2_ASV358
S	530	163	*	*	*	*	*	PRJNA356769_ITS2_ASV96	*
S	531	162	*	*	*	*	*	PRJNA356769_ITS2_ASV133	*
S	532	162	*	*	*	*	*	PRJNA356769_ITS2_ASV15	*
S	533	162	*	*	*	*	*	PRJNA356769_ITS2_ASV344	*
S	534	162	*	*	*	*	*	PRJNA356769_ITS2_ASV430	*
S	535	162	*	*	*	*	*	PRJNA356769_ITS2_ASV543	*
S	536	162	*	*	*	*	*	PRJNA356769_ITS2_ASV619	*
S	537	162	*	*	*	*	*	PRJNA356769_ITS2_ASV62	*
S	538	162	*	*	*	*	*	PRJNA356769_ITS2_ASV641	*
S	539	162	*	*	*	*	*	PRJNA356769_ITS2_ASV883	*
S	540	161	*	*	*	*	*	PRJNA356769_ITS2_ASV1069	*
S	541	161	*	*	*	*	*	PRJNA356769_ITS2_ASV151	*
S	542	161	*	*	*	*	*	PRJNA356769_ITS2_ASV269	*
S	543	161	*	*	*	*	*	PRJNA356769_ITS2_ASV289	*
S	544	161	*	*	*	*	*	PRJNA356769_ITS2_ASV521	*
S	545	161	*	*	*	*	*	PRJNA356769_ITS2_ASV592	*
S	546	161	*	*	*	*	*	PRJNA356769_ITS2_ASV606	*
S	547	161	*	*	*	*	*	PRJNA356769_ITS2_ASV821	*
S	548	160	*	*	*	*	*	PRJNA356769_ITS2_ASV1065	*
S	549	160	*	*	*	*	*	PRJNA356769_ITS2_ASV145	*
S	550	160	*	*	*	*	*	PRJNA356769_ITS2_ASV379	*
H	548	160	99.4	+	0	0	160M	PRJNA356769_ITS2_ASV406	PRJNA356769_ITS2_ASV1065
S	551	160	*	*	*	*	*	PRJNA356769_ITS2_ASV461	*
S	552	160	*	*	*	*	*	PRJNA356769_ITS2_ASV52	*
S	553	160	*	*	*	*	*	PRJNA356769_ITS2_ASV652	*
H	552	160	99.4	+	0	0	160M	PRJNA356769_ITS2_ASV736	PRJNA356769_ITS2_ASV52
H	550	160	99.4	+	0	0	160M	PRJNA356769_ITS2_ASV741	PRJNA356769_ITS2_ASV379
H	548	160	99.4	+	0	0	160M	PRJNA356769_ITS2_ASV778	PRJNA356769_ITS2_ASV1065
H	550	160	99.4	+	0	0	160M	PRJNA356769_ITS2_ASV795	PRJNA356769_ITS2_ASV379
H	545	160	99.4	+	0	0	44MI116M	PRJNA356769_ITS2_ASV83	PRJNA356769_ITS2_ASV592
S	554	160	*	*	*	*	*	PRJNA356769_ITS2_ASV973	*
S	555	159	*	*	*	*	*	PRJNA356769_ITS2_ASV1006	*
S	556	159	*	*	*	*	*	PRJNA356769_ITS2_ASV1060	*
S	557	159	*	*	*	*	*	PRJNA356769_ITS2_ASV1080	*
S	558	159	*	*	*	*	*	PRJNA356769_ITS2_ASV184	*
S	559	159	*	*	*	*	*	PRJNA356769_ITS2_ASV283	*
S	560	159	*	*	*	*	*	PRJNA356769_ITS2_ASV729	*
S	561	159	*	*	*	*	*	PRJNA356769_ITS2_ASV80	*
S	562	158	*	*	*	*	*	PRJNA356769_ITS2_ASV10	*
S	563	158	*	*	*	*	*	PRJNA356769_ITS2_ASV139	*
S	564	158	*	*	*	*	*	PRJNA356769_ITS2_ASV231	*
S	565	158	*	*	*	*	*	PRJNA356769_ITS2_ASV255	*
H	555	158	99.4	+	0	0	147MI11M	PRJNA356769_ITS2_ASV399	PRJNA356769_ITS2_ASV1006
S	566	158	*	*	*	*	*	PRJNA356769_ITS2_ASV459	*
S	567	158	*	*	*	*	*	PRJNA356769_ITS2_ASV618	*
S	568	158	*	*	*	*	*	PRJNA356769_ITS2_ASV643	*
H	566	158	99.4	+	0	0	158M	PRJNA356769_ITS2_ASV684	PRJNA356769_ITS2_ASV459
S	569	158	*	*	*	*	*	PRJNA356769_ITS2_ASV709	*
S	570	158	*	*	*	*	*	PRJNA356769_ITS2_ASV830	*
S	571	158	*	*	*	*	*	PRJNA356769_ITS2_ASV846	*
S	572	158	*	*	*	*	*	PRJNA356769_ITS2_ASV944	*
S	573	158	*	*	*	*	*	PRJNA356769_ITS2_ASV985	*
S	574	157	*	*	*	*	*	PRJNA356769_ITS2_ASV1024	*
S	575	157	*	*	*	*	*	PRJNA356769_ITS2_ASV1037	*
S	576	157	*	*	*	*	*	PRJNA356769_ITS2_ASV167	*
S	577	157	*	*	*	*	*	PRJNA356769_ITS2_ASV405	*
S	578	157	*	*	*	*	*	PRJNA356769_ITS2_ASV450	*
S	579	157	*	*	*	*	*	PRJNA356769_ITS2_ASV470	*
S	580	157	*	*	*	*	*	PRJNA356769_ITS2_ASV48	*
S	581	157	*	*	*	*	*	PRJNA356769_ITS2_ASV484	*
S	582	157	*	*	*	*	*	PRJNA356769_ITS2_ASV564	*
S	583	157	*	*	*	*	*	PRJNA356769_ITS2_ASV602	*
H	566	157	98.7	+	0	0	147MI10M	PRJNA356769_ITS2_ASV610	PRJNA356769_ITS2_ASV459
S	584	157	*	*	*	*	*	PRJNA356769_ITS2_ASV622	*
S	585	157	*	*	*	*	*	PRJNA356769_ITS2_ASV730	*
S	586	156	*	*	*	*	*	PRJNA356769_ITS2_ASV1041	*
S	587	156	*	*	*	*	*	PRJNA356769_ITS2_ASV119	*
S	588	156	*	*	*	*	*	PRJNA356769_ITS2_ASV170	*
S	589	156	*	*	*	*	*	PRJNA356769_ITS2_ASV22	*
S	590	156	*	*	*	*	*	PRJNA356769_ITS2_ASV222	*
S	591	156	*	*	*	*	*	PRJNA356769_ITS2_ASV300	*
S	592	156	*	*	*	*	*	PRJNA356769_ITS2_ASV732	*
S	593	156	*	*	*	*	*	PRJNA356769_ITS2_ASV814	*
S	594	156	*	*	*	*	*	PRJNA356769_ITS2_ASV921	*
S	595	156	*	*	*	*	*	PRJNA356769_ITS2_ASV972	*
S	596	155	*	*	*	*	*	PRJNA356769_ITS2_ASV141	*
S	597	155	*	*	*	*	*	PRJNA356769_ITS2_ASV345	*
S	598	155	*	*	*	*	*	PRJNA356769_ITS2_ASV455	*
S	599	155	*	*	*	*	*	PRJNA356769_ITS2_ASV504	*
S	600	155	*	*	*	*	*	PRJNA356769_ITS2_ASV541	*
S	601	155	*	*	*	*	*	PRJNA356769_ITS2_ASV548	*
S	602	155	*	*	*	*	*	PRJNA356769_ITS2_ASV715	*
S	603	155	*	*	*	*	*	PRJNA356769_ITS2_ASV749	*
S	604	155	*	*	*	*	*	PRJNA356769_ITS2_ASV760	*
S	605	155	*	*	*	*	*	PRJNA356769_ITS2_ASV827	*
H	599	155	98.7	+	0	0	155M	PRJNA356769_ITS2_ASV834	PRJNA356769_ITS2_ASV504
H	601	155	99.4	+	0	0	155M	PRJNA356769_ITS2_ASV845	PRJNA356769_ITS2_ASV548
S	606	154	*	*	*	*	*	PRJNA356769_ITS2_ASV1018	*
S	607	154	*	*	*	*	*	PRJNA356769_ITS2_ASV1020	*
S	608	154	*	*	*	*	*	PRJNA356769_ITS2_ASV130	*
S	609	154	*	*	*	*	*	PRJNA356769_ITS2_ASV144	*
S	610	154	*	*	*	*	*	PRJNA356769_ITS2_ASV171	*
S	611	154	*	*	*	*	*	PRJNA356769_ITS2_ASV218	*
H	601	154	98.7	+	0	0	142MI12M	PRJNA356769_ITS2_ASV239	PRJNA356769_ITS2_ASV548
S	612	154	*	*	*	*	*	PRJNA356769_ITS2_ASV252	*
S	613	154	*	*	*	*	*	PRJNA356769_ITS2_ASV263	*
S	614	154	*	*	*	*	*	PRJNA356769_ITS2_ASV336	*
S	615	154	*	*	*	*	*	PRJNA356769_ITS2_ASV347	*
S	616	154	*	*	*	*	*	PRJNA356769_ITS2_ASV435	*
S	617	154	*	*	*	*	*	PRJNA356769_ITS2_ASV500	*
S	618	154	*	*	*	*	*	PRJNA356769_ITS2_ASV568	*
S	619	154	*	*	*	*	*	PRJNA356769_ITS2_ASV576	*
H	608	154	99.4	+	0	0	154M	PRJNA356769_ITS2_ASV593	PRJNA356769_ITS2_ASV130
S	620	154	*	*	*	*	*	PRJNA356769_ITS2_ASV63	*
S	621	154	*	*	*	*	*	PRJNA356769_ITS2_ASV674	*
S	622	154	*	*	*	*	*	PRJNA356769_ITS2_ASV697	*
S	623	154	*	*	*	*	*	PRJNA356769_ITS2_ASV719	*
S	624	154	*	*	*	*	*	PRJNA356769_ITS2_ASV809	*
H	168	153	100.0	+	0	0	=	PRJNA356769_ITS2_ASV1039	PRJNA356769_ITS2_ASV244
S	625	153	*	*	*	*	*	PRJNA356769_ITS2_ASV335	*
S	626	153	*	*	*	*	*	PRJNA356769_ITS2_ASV340	*
S	627	153	*	*	*	*	*	PRJNA356769_ITS2_ASV381	*
S	628	153	*	*	*	*	*	PRJNA356769_ITS2_ASV400	*
S	629	153	*	*	*	*	*	PRJNA356769_ITS2_ASV559	*
S	630	153	*	*	*	*	*	PRJNA356769_ITS2_ASV597	*
S	631	153	*	*	*	*	*	PRJNA356769_ITS2_ASV650	*
S	632	153	*	*	*	*	*	PRJNA356769_ITS2_ASV860	*
S	633	153	*	*	*	*	*	PRJNA356769_ITS2_ASV889	*
S	634	153	*	*	*	*	*	PRJNA356769_ITS2_ASV940	*
S	635	153	*	*	*	*	*	PRJNA356769_ITS2_ASV962	*
S	636	152	*	*	*	*	*	PRJNA356769_ITS2_ASV199	*
S	637	152	*	*	*	*	*	PRJNA356769_ITS2_ASV352	*
S	638	152	*	*	*	*	*	PRJNA356769_ITS2_ASV558	*
S	639	152	*	*	*	*	*	PRJNA356769_ITS2_ASV672	*
S	640	152	*	*	*	*	*	PRJNA356769_ITS2_ASV894	*
S	641	152	*	*	*	*	*	PRJNA356769_ITS2_ASV948	*
S	642	151	*	*	*	*	*	PRJNA356769_ITS2_ASV1091	*
S	643	151	*	*	*	*	*	PRJNA356769_ITS2_ASV412	*
S	644	151	*	*	*	*	*	PRJNA356769_ITS2_ASV588	*
S	645	151	*	*	*	*	*	PRJNA356769_ITS2_ASV617	*
H	644	151	99.3	+	0	0	151M	PRJNA356769_ITS2_ASV772	PRJNA356769_ITS2_ASV588
S	646	151	*	*	*	*	*	PRJNA356769_ITS2_ASV804	*
S	647	151	*	*	*	*	*	PRJNA356769_ITS2_ASV911	*
H	644	151	98.7	+	0	0	151M	PRJNA356769_ITS2_ASV977	PRJNA356769_ITS2_ASV588
S	648	150	*	*	*	*	*	PRJNA356769_ITS2_ASV198	*
S	649	150	*	*	*	*	*	PRJNA356769_ITS2_ASV279	*
S	650	150	*	*	*	*	*	PRJNA356769_ITS2_ASV290	*
H	650	150	99.3	+	0	0	150M	PRJNA356769_ITS2_ASV296	PRJNA356769_ITS2_ASV290
H	650	150	99.3	+	0	0	150M	PRJNA356769_ITS2_ASV460	PRJNA356769_ITS2_ASV290
H	650	150	98.7	+	0	0	150M	PRJNA356769_ITS2_ASV490	PRJNA356769_ITS2_ASV290
H	650	150	98.7	+	0	0	150M	PRJNA356769_ITS2_ASV546	PRJNA356769_ITS2_ASV290
S	651	150	*	*	*	*	*	PRJNA356769_ITS2_ASV555	*
S	652	150	*	*	*	*	*	PRJNA356769_ITS2_ASV557	*
H	652	150	98.7	+	0	0	150M	PRJNA356769_ITS2_ASV609	PRJNA356769_ITS2_ASV557
S	653	150	*	*	*	*	*	PRJNA356769_ITS2_ASV630	*
S	654	150	*	*	*	*	*	PRJNA356769_ITS2_ASV637	*
H	652	150	99.3	+	0	0	150M	PRJNA356769_ITS2_ASV688	PRJNA356769_ITS2_ASV557
S	655	150	*	*	*	*	*	PRJNA356769_ITS2_ASV689	*
S	656	150	*	*	*	*	*	PRJNA356769_ITS2_ASV723	*
H	649	150	99.3	+	0	0	150M	PRJNA356769_ITS2_ASV858	PRJNA356769_ITS2_ASV279
S	657	150	*	*	*	*	*	PRJNA356769_ITS2_ASV961	*
S	658	149	*	*	*	*	*	PRJNA356769_ITS2_ASV148	*
S	659	149	*	*	*	*	*	PRJNA356769_ITS2_ASV417	*
S	660	149	*	*	*	*	*	PRJNA356769_ITS2_ASV444	*
S	661	149	*	*	*	*	*	PRJNA356769_ITS2_ASV514	*
S	662	149	*	*	*	*	*	PRJNA356769_ITS2_ASV589	*
S	663	149	*	*	*	*	*	PRJNA356769_ITS2_ASV660	*
H	653	149	99.3	+	0	0	141MI8M	PRJNA356769_ITS2_ASV668	PRJNA356769_ITS2_ASV630
S	664	149	*	*	*	*	*	PRJNA356769_ITS2_ASV692	*
H	664	149	99.3	+	0	0	149M	PRJNA356769_ITS2_ASV805	PRJNA356769_ITS2_ASV692
S	665	149	*	*	*	*	*	PRJNA356769_ITS2_ASV929	*
S	666	149	*	*	*	*	*	PRJNA356769_ITS2_ASV946	*
S	667	148	*	*	*	*	*	PRJNA356769_ITS2_ASV100	*
S	668	148	*	*	*	*	*	PRJNA356769_ITS2_ASV210	*
S	669	148	*	*	*	*	*	PRJNA356769_ITS2_ASV214	*
S	670	148	*	*	*	*	*	PRJNA356769_ITS2_ASV23	*
S	671	148	*	*	*	*	*	PRJNA356769_ITS2_ASV253	*
H	668	148	99.3	+	0	0	148M	PRJNA356769_ITS2_ASV40	PRJNA356769_ITS2_ASV210
H	670	148	99.3	+	0	0	148M	PRJNA356769_ITS2_ASV403	PRJNA356769_ITS2_ASV23
S	672	148	*	*	*	*	*	PRJNA356769_ITS2_ASV45	*
S	673	148	*	*	*	*	*	PRJNA356769_ITS2_ASV551	*
H	668	148	98.6	+	0	0	148M	PRJNA356769_ITS2_ASV573	PRJNA356769_ITS2_ASV210
H	673	148	99.3	+	0	0	148M	PRJNA356769_ITS2_ASV673	PRJNA356769_ITS2_ASV551
S	674	148	*	*	*	*	*	PRJNA356769_ITS2_ASV748	*
S	675	148	*	*	*	*	*	PRJNA356769_ITS2_ASV754	*
S	676	147	*	*	*	*	*	PRJNA356769_ITS2_ASV135	*
S	677	147	*	*	*	*	*	PRJNA356769_ITS2_ASV16	*
S	678	147	*	*	*	*	*	PRJNA356769_ITS2_ASV295	*
S	679	147	*	*	*	*	*	PRJNA356769_ITS2_ASV308	*
S	680	147	*	*	*	*	*	PRJNA356769_ITS2_ASV888	*
S	681	146	*	*	*	*	*	PRJNA356769_ITS2_ASV30	*
S	682	146	*	*	*	*	*	PRJNA356769_ITS2_ASV303	*
S	683	146	*	*	*	*	*	PRJNA356769_ITS2_ASV398	*
S	684	146	*	*	*	*	*	PRJNA356769_ITS2_ASV565	*
S	685	146	*	*	*	*	*	PRJNA356769_ITS2_ASV578	*
S	686	145	*	*	*	*	*	PRJNA356769_ITS2_ASV43	*
S	687	145	*	*	*	*	*	PRJNA356769_ITS2_ASV437	*
H	687	145	99.3	+	0	0	145M	PRJNA356769_ITS2_ASV439	PRJNA356769_ITS2_ASV437
S	688	145	*	*	*	*	*	PRJNA356769_ITS2_ASV605	*
S	689	145	*	*	*	*	*	PRJNA356769_ITS2_ASV758	*
H	683	145	99.3	+	0	0	139MI6M	PRJNA356769_ITS2_ASV897	PRJNA356769_ITS2_ASV398
S	690	144	*	*	*	*	*	PRJNA356769_ITS2_ASV1073	*
S	691	144	*	*	*	*	*	PRJNA356769_ITS2_ASV979	*
S	692	143	*	*	*	*	*	PRJNA356769_ITS2_ASV574	*
S	693	143	*	*	*	*	*	PRJNA356769_ITS2_ASV993	*
S	694	142	*	*	*	*	*	PRJNA356769_ITS2_ASV1028	*
H	694	142	98.6	+	0	0	142M	PRJNA356769_ITS2_ASV415	PRJNA356769_ITS2_ASV1028
H	694	142	99.3	+	0	0	142M	PRJNA356769_ITS2_ASV464	PRJNA356769_ITS2_ASV1028
S	695	141	*	*	*	*	*	PRJNA356769_ITS2_ASV1015	*
S	696	141	*	*	*	*	*	PRJNA356769_ITS2_ASV250	*
S	697	141	*	*	*	*	*	PRJNA356769_ITS2_ASV337	*
H	692	141	98.6	+	0	0	13M2I128M	PRJNA356769_ITS2_ASV449	PRJNA356769_ITS2_ASV574
H	695	141	99.3	+	0	0	141M	PRJNA356769_ITS2_ASV488	PRJNA356769_ITS2_ASV1015
S	698	141	*	*	*	*	*	PRJNA356769_ITS2_ASV61	*
S	699	141	*	*	*	*	*	PRJNA356769_ITS2_ASV671	*
S	700	141	*	*	*	*	*	PRJNA356769_ITS2_ASV690	*
S	701	140	*	*	*	*	*	PRJNA356769_ITS2_ASV159	*
S	702	140	*	*	*	*	*	PRJNA356769_ITS2_ASV179	*
S	703	140	*	*	*	*	*	PRJNA356769_ITS2_ASV225	*
S	704	140	*	*	*	*	*	PRJNA356769_ITS2_ASV240	*
S	705	140	*	*	*	*	*	PRJNA356769_ITS2_ASV25	*
S	706	140	*	*	*	*	*	PRJNA356769_ITS2_ASV268	*
S	707	140	*	*	*	*	*	PRJNA356769_ITS2_ASV530	*
H	705	140	99.3	+	0	0	140M	PRJNA356769_ITS2_ASV84	PRJNA356769_ITS2_ASV25
S	708	140	*	*	*	*	*	PRJNA356769_ITS2_ASV849	*
H	705	140	98.6	+	0	0	140M	PRJNA356769_ITS2_ASV910	PRJNA356769_ITS2_ASV25
S	709	139	*	*	*	*	*	PRJNA356769_ITS2_ASV1000	*
H	705	139	98.6	+	0	0	96MI43M	PRJNA356769_ITS2_ASV1044	PRJNA356769_ITS2_ASV25
S	710	139	*	*	*	*	*	PRJNA356769_ITS2_ASV113	*
S	711	139	*	*	*	*	*	PRJNA356769_ITS2_ASV221	*
S	712	139	*	*	*	*	*	PRJNA356769_ITS2_ASV288	*
S	713	139	*	*	*	*	*	PRJNA356769_ITS2_ASV293	*
H	710	139	99.3	+	0	0	139M	PRJNA356769_ITS2_ASV380	PRJNA356769_ITS2_ASV113
H	705	139	99.3	+	0	0	96MI43M	PRJNA356769_ITS2_ASV542	PRJNA356769_ITS2_ASV25
H	705	139	99.3	+	0	0	59MI80M	PRJNA356769_ITS2_ASV586	PRJNA356769_ITS2_ASV25
S	714	139	*	*	*	*	*	PRJNA356769_ITS2_ASV703	*
S	715	139	*	*	*	*	*	PRJNA356769_ITS2_ASV836	*
H	705	138	98.6	+	0	0	59MI36MI43M	PRJNA356769_ITS2_ASV1071	PRJNA356769_ITS2_ASV25
S	716	138	*	*	*	*	*	PRJNA356769_ITS2_ASV1083	*
S	717	134	*	*	*	*	*	PRJNA356769_ITS2_ASV751	*
S	718	133	*	*	*	*	*	PRJNA356769_ITS2_ASV158	*
S	719	131	*	*	*	*	*	PRJNA356769_ITS2_ASV871	*
S	720	131	*	*	*	*	*	PRJNA356769_ITS2_ASV924	*
S	721	129	*	*	*	*	*	PRJNA356769_ITS2_ASV747	*
S	722	127	*	*	*	*	*	PRJNA356769_ITS2_ASV538	*
H	722	127	99.2	+	0	0	127M	PRJNA356769_ITS2_ASV594	PRJNA356769_ITS2_ASV538
S	723	124	*	*	*	*	*	PRJNA356769_ITS2_ASV1055	*
S	724	124	*	*	*	*	*	PRJNA356769_ITS2_ASV361	*
S	725	123	*	*	*	*	*	PRJNA356769_ITS2_ASV329	*
H	724	123	99.2	+	0	0	82MI41M	PRJNA356769_ITS2_ASV713	PRJNA356769_ITS2_ASV361
S	726	122	*	*	*	*	*	PRJNA356769_ITS2_ASV41	*
S	727	122	*	*	*	*	*	PRJNA356769_ITS2_ASV595	*
S	728	121	*	*	*	*	*	PRJNA356769_ITS2_ASV657	*
S	729	120	*	*	*	*	*	PRJNA356769_ITS2_ASV356	*
S	730	120	*	*	*	*	*	PRJNA356769_ITS2_ASV454	*
S	731	120	*	*	*	*	*	PRJNA356769_ITS2_ASV507	*
H	729	120	99.2	+	0	0	120M	PRJNA356769_ITS2_ASV601	PRJNA356769_ITS2_ASV356
S	732	120	*	*	*	*	*	PRJNA356769_ITS2_ASV714	*
S	733	120	*	*	*	*	*	PRJNA356769_ITS2_ASV877	*
S	734	120	*	*	*	*	*	PRJNA356769_ITS2_ASV895	*
H	733	120	99.2	+	0	0	120M	PRJNA356769_ITS2_ASV931	PRJNA356769_ITS2_ASV877
S	735	119	*	*	*	*	*	PRJNA356769_ITS2_ASV185	*
S	736	119	*	*	*	*	*	PRJNA356769_ITS2_ASV798	*
S	737	118	*	*	*	*	*	PRJNA356769_ITS2_ASV20	*
H	737	118	99.2	+	0	0	118M	PRJNA356769_ITS2_ASV681	PRJNA356769_ITS2_ASV20
S	738	117	*	*	*	*	*	PRJNA356769_ITS2_ASV991	*
S	739	116	*	*	*	*	*	PRJNA356769_ITS2_ASV191	*
S	740	114	*	*	*	*	*	PRJNA356769_ITS2_ASV1012	*
H	740	114	99.1	+	0	0	114M	PRJNA356769_ITS2_ASV206	PRJNA356769_ITS2_ASV1012
H	740	114	99.1	+	0	0	114M	PRJNA356769_ITS2_ASV393	PRJNA356769_ITS2_ASV1012
S	741	111	*	*	*	*	*	PRJNA356769_ITS2_ASV1104	*
H	741	111	99.1	+	0	0	111M	PRJNA356769_ITS2_ASV238	PRJNA356769_ITS2_ASV1104
S	742	103	*	*	*	*	*	PRJNA356769_ITS2_ASV1049	*
H	742	103	99.0	+	0	0	103M	PRJNA356769_ITS2_ASV204	PRJNA356769_ITS2_ASV1049
S	743	103	*	*	*	*	*	PRJNA356769_ITS2_ASV797	*
S	744	103	*	*	*	*	*	PRJNA356769_ITS2_ASV934	*
S	745	101	*	*	*	*	*	PRJNA356769_ITS2_ASV481	*
S	746	98	*	*	*	*	*	PRJNA356769_ITS2_ASV114	*
S	747	98	*	*	*	*	*	PRJNA356769_ITS2_ASV392	*
H	746	97	99.0	+	0	0	10MI87M	PRJNA356769_ITS2_ASV81	PRJNA356769_ITS2_ASV114
S	748	95	*	*	*	*	*	PRJNA356769_ITS2_ASV1035	*
S	749	95	*	*	*	*	*	PRJNA356769_ITS2_ASV215	*
S	750	95	*	*	*	*	*	PRJNA356769_ITS2_ASV396	*
S	751	93	*	*	*	*	*	PRJNA356769_ITS2_ASV604	*
S	752	90	*	*	*	*	*	PRJNA356769_ITS2_ASV463	*
S	753	86	*	*	*	*	*	PRJNA356769_ITS2_ASV469	*
S	754	85	*	*	*	*	*	PRJNA356769_ITS2_ASV387	*
S	755	80	*	*	*	*	*	PRJNA356769_ITS2_ASV287	*
S	756	79	*	*	*	*	*	PRJNA356769_ITS2_ASV71	*
S	757	78	*	*	*	*	*	PRJNA356769_ITS2_ASV491	*
H	757	78	98.7	+	0	0	78M	PRJNA356769_ITS2_ASV971	PRJNA356769_ITS2_ASV491
S	758	74	*	*	*	*	*	PRJNA356769_ITS2_ASV1054	*
H	758	73	100.0	+	0	0	=	PRJNA356769_ITS2_ASV779	PRJNA356769_ITS2_ASV1054
S	759	70	*	*	*	*	*	PRJNA356769_ITS2_ASV1030	*
S	760	70	*	*	*	*	*	PRJNA356769_ITS2_ASV1062	*
S	761	70	*	*	*	*	*	PRJNA356769_ITS2_ASV803	*
S	762	69	*	*	*	*	*	PRJNA356769_ITS2_ASV382	*
S	763	68	*	*	*	*	*	PRJNA356769_ITS2_ASV707	*
S	764	64	*	*	*	*	*	PRJNA356769_ITS2_ASV172	*
S	765	62	*	*	*	*	*	PRJNA356769_ITS2_ASV1027	*
S	766	62	*	*	*	*	*	PRJNA356769_ITS2_ASV322	*
S	767	62	*	*	*	*	*	PRJNA356769_ITS2_ASV722	*
S	768	61	*	*	*	*	*	PRJNA356769_ITS2_ASV1090	*
S	769	61	*	*	*	*	*	PRJNA356769_ITS2_ASV699	*
S	770	57	*	*	*	*	*	PRJNA356769_ITS2_ASV339	*
S	771	57	*	*	*	*	*	PRJNA356769_ITS2_ASV72	*
S	772	56	*	*	*	*	*	PRJNA356769_ITS2_ASV402	*
S	773	54	*	*	*	*	*	PRJNA356769_ITS2_ASV781	*
S	774	51	*	*	*	*	*	PRJNA356769_ITS2_ASV128	*
S	775	51	*	*	*	*	*	PRJNA356769_ITS2_ASV807	*
S	776	50	*	*	*	*	*	PRJNA356769_ITS2_ASV416	*
S	777	50	*	*	*	*	*	PRJNA356769_ITS2_ASV695	*
S	778	50	*	*	*	*	*	PRJNA356769_ITS2_ASV983	*
C	0	1	*	*	*	*	*	PRJNA356769_ITS2_ASV331	*
C	1	3	*	*	*	*	*	PRJNA356769_ITS2_ASV424	*
C	2	1	*	*	*	*	*	PRJNA356769_ITS2_ASV175	*
C	3	1	*	*	*	*	*	PRJNA356769_ITS2_ASV892	*
C	4	11	*	*	*	*	*	PRJNA356769_ITS2_ASV509	*
C	5	2	*	*	*	*	*	PRJNA356769_ITS2_ASV1066	*
C	6	4	*	*	*	*	*	PRJNA356769_ITS2_ASV132	*
C	7	4	*	*	*	*	*	PRJNA356769_ITS2_ASV744	*
C	8	5	*	*	*	*	*	PRJNA356769_ITS2_ASV777	*
C	9	1	*	*	*	*	*	PRJNA356769_ITS2_ASV354	*
C	10	1	*	*	*	*	*	PRJNA356769_ITS2_ASV608	*
C	11	1	*	*	*	*	*	PRJNA356769_ITS2_ASV698	*
C	12	1	*	*	*	*	*	PRJNA356769_ITS2_ASV762	*
C	13	5	*	*	*	*	*	PRJNA356769_ITS2_ASV1009	*
C	14	2	*	*	*	*	*	PRJNA356769_ITS2_ASV842	*
C	15	1	*	*	*	*	*	PRJNA356769_ITS2_ASV1032	*
C	16	2	*	*	*	*	*	PRJNA356769_ITS2_ASV735	*
C	17	3	*	*	*	*	*	PRJNA356769_ITS2_ASV496	*
C	18	2	*	*	*	*	*	PRJNA356769_ITS2_ASV1085	*
C	19	1	*	*	*	*	*	PRJNA356769_ITS2_ASV818	*
C	20	1	*	*	*	*	*	PRJNA356769_ITS2_ASV1095	*
C	21	1	*	*	*	*	*	PRJNA356769_ITS2_ASV570	*
C	22	18	*	*	*	*	*	PRJNA356769_ITS2_ASV388	*
C	23	2	*	*	*	*	*	PRJNA356769_ITS2_ASV409	*
C	24	1	*	*	*	*	*	PRJNA356769_ITS2_ASV369	*
C	25	1	*	*	*	*	*	PRJNA356769_ITS2_ASV278	*
C	26	4	*	*	*	*	*	PRJNA356769_ITS2_ASV368	*
C	27	1	*	*	*	*	*	PRJNA356769_ITS2_ASV88	*
C	28	1	*	*	*	*	*	PRJNA356769_ITS2_ASV508	*
C	29	1	*	*	*	*	*	PRJNA356769_ITS2_ASV1017	*
C	30	1	*	*	*	*	*	PRJNA356769_ITS2_ASV1038	*
C	31	2	*	*	*	*	*	PRJNA356769_ITS2_ASV363	*
C	32	1	*	*	*	*	*	PRJNA356769_ITS2_ASV173	*
C	33	1	*	*	*	*	*	PRJNA356769_ITS2_ASV761	*
C	34	1	*	*	*	*	*	PRJNA356769_ITS2_ASV1019	*
C	35	1	*	*	*	*	*	PRJNA356769_ITS2_ASV486	*
C	36	1	*	*	*	*	*	PRJNA356769_ITS2_ASV1094	*
C	37	2	*	*	*	*	*	PRJNA356769_ITS2_ASV1100	*
C	38	4	*	*	*	*	*	PRJNA356769_ITS2_ASV156	*
C	39	1	*	*	*	*	*	PRJNA356769_ITS2_ASV309	*
C	40	1	*	*	*	*	*	PRJNA356769_ITS2_ASV357	*
C	41	2	*	*	*	*	*	PRJNA356769_ITS2_ASV443	*
C	42	1	*	*	*	*	*	PRJNA356769_ITS2_ASV539	*
C	43	1	*	*	*	*	*	PRJNA356769_ITS2_ASV60	*
C	44	1	*	*	*	*	*	PRJNA356769_ITS2_ASV746	*
C	45	1	*	*	*	*	*	PRJNA356769_ITS2_ASV833	*
C	46	1	*	*	*	*	*	PRJNA356769_ITS2_ASV898	*
C	47	1	*	*	*	*	*	PRJNA356769_ITS2_ASV457	*
C	48	1	*	*	*	*	*	PRJNA356769_ITS2_ASV859	*
C	49	7	*	*	*	*	*	PRJNA356769_ITS2_ASV1053	*
C	50	1	*	*	*	*	*	PRJNA356769_ITS2_ASV160	*
C	51	1	*	*	*	*	*	PRJNA356769_ITS2_ASV285	*
C	52	1	*	*	*	*	*	PRJNA356769_ITS2_ASV341	*
C	53	1	*	*	*	*	*	PRJNA356769_ITS2_ASV581	*
C	54	1	*	*	*	*	*	PRJNA356769_ITS2_ASV787	*
C	55	1	*	*	*	*	*	PRJNA356769_ITS2_ASV1034	*
C	56	2	*	*	*	*	*	PRJNA356769_ITS2_ASV1014	*
C	57	1	*	*	*	*	*	PRJNA356769_ITS2_ASV678	*
C	58	3	*	*	*	*	*	PRJNA356769_ITS2_ASV1004	*
C	59	6	*	*	*	*	*	PRJNA356769_ITS2_ASV1056	*
C	60	2	*	*	*	*	*	PRJNA356769_ITS2_ASV143	*
C	61	1	*	*	*	*	*	PRJNA356769_ITS2_ASV165	*
C	62	1	*	*	*	*	*	PRJNA356769_ITS2_ASV362	*
C	63	1	*	*	*	*	*	PRJNA356769_ITS2_ASV471	*
C	64	1	*	*	*	*	*	PRJNA356769_ITS2_ASV75	*
C	65	2	*	*	*	*	*	PRJNA356769_ITS2_ASV314	*
C	66	3	*	*	*	*	*	PRJNA356769_ITS2_ASV513	*
C	67	1	*	*	*	*	*	PRJNA356769_ITS2_ASV685	*
C	68	1	*	*	*	*	*	PRJNA356769_ITS2_ASV613	*
C	69	1	*	*	*	*	*	PRJNA356769_ITS2_ASV734	*
C	70	1	*	*	*	*	*	PRJNA356769_ITS2_ASV984	*
C	71	1	*	*	*	*	*	PRJNA356769_ITS2_ASV297	*
C	72	1	*	*	*	*	*	PRJNA356769_ITS2_ASV447	*
C	73	1	*	*	*	*	*	PRJNA356769_ITS2_ASV467	*
C	74	3	*	*	*	*	*	PRJNA356769_ITS2_ASV105	*
C	75	1	*	*	*	*	*	PRJNA356769_ITS2_ASV274	*
C	76	1	*	*	*	*	*	PRJNA356769_ITS2_ASV332	*
C	77	3	*	*	*	*	*	PRJNA356769_ITS2_ASV1008	*
C	78	5	*	*	*	*	*	PRJNA356769_ITS2_ASV1029	*
C	79	12	*	*	*	*	*	PRJNA356769_ITS2_ASV95	*
C	80	1	*	*	*	*	*	PRJNA356769_ITS2_ASV1002	*
C	81	2	*	*	*	*	*	PRJNA356769_ITS2_ASV168	*
C	82	1	*	*	*	*	*	PRJNA356769_ITS2_ASV186	*
C	83	1	*	*	*	*	*	PRJNA356769_ITS2_ASV742	*
C	84	1	*	*	*	*	*	PRJNA356769_ITS2_ASV111	*
C	85	2	*	*	*	*	*	PRJNA356769_ITS2_ASV427	*
C	86	1	*	*	*	*	*	PRJNA356769_ITS2_ASV653	*
C	87	1	*	*	*	*	*	PRJNA356769_ITS2_ASV875	*
C	88	1	*	*	*	*	*	PRJNA356769_ITS2_ASV1082	*
C	89	1	*	*	*	*	*	PRJNA356769_ITS2_ASV1092	*
C	90	5	*	*	*	*	*	PRJNA356769_ITS2_ASV353	*
C	91	1	*	*	*	*	*	PRJNA356769_ITS2_ASV621	*
C	92	10	*	*	*	*	*	PRJNA356769_ITS2_ASV1005	*
C	93	1	*	*	*	*	*	PRJNA356769_ITS2_ASV743	*
C	94	1	*	*	*	*	*	PRJNA356769_ITS2_ASV967	*
C	95	11	*	*	*	*	*	PRJNA356769_ITS2_ASV1013	*
C	96	1	*	*	*	*	*	PRJNA356769_ITS2_ASV216	*
C	97	1	*	*	*	*	*	PRJNA356769_ITS2_ASV407	*
C	98	2	*	*	*	*	*	PRJNA356769_ITS2_ASV575	*
C	99	3	*	*	*	*	*	PRJNA356769_ITS2_ASV949	*
C	100	4	*	*	*	*	*	PRJNA356769_ITS2_ASV14	*
C	101	2	*	*	*	*	*	PRJNA356769_ITS2_ASV196	*
C	102	2	*	*	*	*	*	PRJNA356769_ITS2_ASV241	*
C	103	1	*	*	*	*	*	PRJNA356769_ITS2_ASV248	*
C	104	1	*	*	*	*	*	PRJNA356769_ITS2_ASV44	*
C	105	1	*	*	*	*	*	PRJNA356769_ITS2_ASV483	*
C	106	4	*	*	*	*	*	PRJNA356769_ITS2_ASV635	*
C	107	1	*	*	*	*	*	PRJNA356769_ITS2_ASV1084	*
C	108	1	*	*	*	*	*	PRJNA356769_ITS2_ASV34	*
C	109	2	*	*	*	*	*	PRJNA356769_ITS2_ASV366	*
C	110	3	*	*	*	*	*	PRJNA356769_ITS2_ASV479	*
C	111	1	*	*	*	*	*	PRJNA356769_ITS2_ASV86	*
C	112	1	*	*	*	*	*	PRJNA356769_ITS2_ASV974	*
C	113	1	*	*	*	*	*	PRJNA356769_ITS2_ASV1003	*
C	114	1	*	*	*	*	*	PRJNA356769_ITS2_ASV1007	*
C	115	5	*	*	*	*	*	PRJNA356769_ITS2_ASV11	*
C	116	1	*	*	*	*	*	PRJNA356769_ITS2_ASV208	*
C	117	1	*	*	*	*	*	PRJNA356769_ITS2_ASV790	*
C	118	1	*	*	*	*	*	PRJNA356769_ITS2_ASV918	*
C	119	1	*	*	*	*	*	PRJNA356769_ITS2_ASV966	*
C	120	1	*	*	*	*	*	PRJNA356769_ITS2_ASV97	*
C	121	2	*	*	*	*	*	PRJNA356769_ITS2_ASV1010	*
C	122	1	*	*	*	*	*	PRJNA356769_ITS2_ASV116	*
C	123	5	*	*	*	*	*	PRJNA356769_ITS2_ASV121	*
C	124	1	*	*	*	*	*	PRJNA356769_ITS2_ASV284	*
C	125	1	*	*	*	*	*	PRJNA356769_ITS2_ASV311	*
C	126	2	*	*	*	*	*	PRJNA356769_ITS2_ASV665	*
C	127	1	*	*	*	*	*	PRJNA356769_ITS2_ASV98	*
C	128	1	*	*	*	*	*	PRJNA356769_ITS2_ASV131	*
C	129	1	*	*	*	*	*	PRJNA356769_ITS2_ASV177	*
C	130	5	*	*	*	*	*	PRJNA356769_ITS2_ASV264	*
C	131	1	*	*	*	*	*	PRJNA356769_ITS2_ASV550	*
C	132	3	*	*	*	*	*	PRJNA356769_ITS2_ASV925	*
C	133	1	*	*	*	*	*	PRJNA356769_ITS2_ASV1042	*
C	134	1	*	*	*	*	*	PRJNA356769_ITS2_ASV209	*
C	135	4	*	*	*	*	*	PRJNA356769_ITS2_ASV301	*
C	136	1	*	*	*	*	*	PRJNA356769_ITS2_ASV534	*
C	137	2	*	*	*	*	*	PRJNA356769_ITS2_ASV582	*
C	138	1	*	*	*	*	*	PRJNA356769_ITS2_ASV66	*
C	139	1	*	*	*	*	*	PRJNA356769_ITS2_ASV756	*
C	140	2	*	*	*	*	*	PRJNA356769_ITS2_ASV819	*
C	141	2	*	*	*	*	*	PRJNA356769_ITS2_ASV878	*
C	142	1	*	*	*	*	*	PRJNA356769_ITS2_ASV901	*
C	143	1	*	*	*	*	*	PRJNA356769_ITS2_ASV92	*
C	144	1	*	*	*	*	*	PRJNA356769_ITS2_ASV928	*
C	145	1	*	*	*	*	*	PRJNA356769_ITS2_ASV466	*
C	146	1	*	*	*	*	*	PRJNA356769_ITS2_ASV482	*
C	147	1	*	*	*	*	*	PRJNA356769_ITS2_ASV607	*
C	148	1	*	*	*	*	*	PRJNA356769_ITS2_ASV644	*
C	149	2	*	*	*	*	*	PRJNA356769_ITS2_ASV78	*
C	150	1	*	*	*	*	*	PRJNA356769_ITS2_ASV810	*
C	151	1	*	*	*	*	*	PRJNA356769_ITS2_ASV90	*
C	152	1	*	*	*	*	*	PRJNA356769_ITS2_ASV245	*
C	153	2	*	*	*	*	*	PRJNA356769_ITS2_ASV33	*
C	154	1	*	*	*	*	*	PRJNA356769_ITS2_ASV590	*
C	155	1	*	*	*	*	*	PRJNA356769_ITS2_ASV852	*
C	156	2	*	*	*	*	*	PRJNA356769_ITS2_ASV536	*
C	157	1	*	*	*	*	*	PRJNA356769_ITS2_ASV696	*
C	158	1	*	*	*	*	*	PRJNA356769_ITS2_ASV817	*
C	159	3	*	*	*	*	*	PRJNA356769_ITS2_ASV212	*
C	160	1	*	*	*	*	*	PRJNA356769_ITS2_ASV348	*
C	161	1	*	*	*	*	*	PRJNA356769_ITS2_ASV474	*
C	162	2	*	*	*	*	*	PRJNA356769_ITS2_ASV480	*
C	163	1	*	*	*	*	*	PRJNA356769_ITS2_ASV879	*
C	164	1	*	*	*	*	*	PRJNA356769_ITS2_ASV885	*
C	165	1	*	*	*	*	*	PRJNA356769_ITS2_ASV1101	*
C	166	1	*	*	*	*	*	PRJNA356769_ITS2_ASV223	*
C	167	1	*	*	*	*	*	PRJNA356769_ITS2_ASV242	*
C	168	3	*	*	*	*	*	PRJNA356769_ITS2_ASV244	*
C	169	1	*	*	*	*	*	PRJNA356769_ITS2_ASV265	*
C	170	1	*	*	*	*	*	PRJNA356769_ITS2_ASV298	*
C	171	1	*	*	*	*	*	PRJNA356769_ITS2_ASV728	*
C	172	1	*	*	*	*	*	PRJNA356769_ITS2_ASV788	*
C	173	1	*	*	*	*	*	PRJNA356769_ITS2_ASV941	*
C	174	1	*	*	*	*	*	PRJNA356769_ITS2_ASV957	*
C	175	2	*	*	*	*	*	PRJNA356769_ITS2_ASV1022	*
C	176	4	*	*	*	*	*	PRJNA356769_ITS2_ASV1046	*
C	177	1	*	*	*	*	*	PRJNA356769_ITS2_ASV1072	*
C	178	1	*	*	*	*	*	PRJNA356769_ITS2_ASV152	*
C	179	4	*	*	*	*	*	PRJNA356769_ITS2_ASV163	*
C	180	1	*	*	*	*	*	PRJNA356769_ITS2_ASV281	*
C	181	3	*	*	*	*	*	PRJNA356769_ITS2_ASV355	*
C	182	1	*	*	*	*	*	PRJNA356769_ITS2_ASV367	*
C	183	1	*	*	*	*	*	PRJNA356769_ITS2_ASV58	*
C	184	1	*	*	*	*	*	PRJNA356769_ITS2_ASV634	*
C	185	1	*	*	*	*	*	PRJNA356769_ITS2_ASV884	*
C	186	1	*	*	*	*	*	PRJNA356769_ITS2_ASV912	*
C	187	1	*	*	*	*	*	PRJNA356769_ITS2_ASV195	*
C	188	3	*	*	*	*	*	PRJNA356769_ITS2_ASV227	*
C	189	1	*	*	*	*	*	PRJNA356769_ITS2_ASV267	*
C	190	1	*	*	*	*	*	PRJNA356769_ITS2_ASV280	*
C	191	1	*	*	*	*	*	PRJNA356769_ITS2_ASV434	*
C	192	1	*	*	*	*	*	PRJNA356769_ITS2_ASV535	*
C	193	1	*	*	*	*	*	PRJNA356769_ITS2_ASV545	*
C	194	1	*	*	*	*	*	PRJNA356769_ITS2_ASV970	*
C	195	1	*	*	*	*	*	PRJNA356769_ITS2_ASV1068	*
C	196	1	*	*	*	*	*	PRJNA356769_ITS2_ASV462	*
C	197	2	*	*	*	*	*	PRJNA356769_ITS2_ASV579	*
C	198	1	*	*	*	*	*	PRJNA356769_ITS2_ASV793	*
C	199	1	*	*	*	*	*	PRJNA356769_ITS2_ASV989	*
C	200	1	*	*	*	*	*	PRJNA356769_ITS2_ASV1087	*
C	201	1	*	*	*	*	*	PRJNA356769_ITS2_ASV316	*
C	202	1	*	*	*	*	*	PRJNA356769_ITS2_ASV418	*
C	203	1	*	*	*	*	*	PRJNA356769_ITS2_ASV628	*
C	204	1	*	*	*	*	*	PRJNA356769_ITS2_ASV64	*
C	205	1	*	*	*	*	*	PRJNA356769_ITS2_ASV104	*
C	206	2	*	*	*	*	*	PRJNA356769_ITS2_ASV1061	*
C	207	3	*	*	*	*	*	PRJNA356769_ITS2_ASV1076	*
C	208	2	*	*	*	*	*	PRJNA356769_ITS2_ASV1088	*
C	209	1	*	*	*	*	*	PRJNA356769_ITS2_ASV134	*
C	210	1	*	*	*	*	*	PRJNA356769_ITS2_ASV150	*
C	211	1	*	*	*	*	*	PRJNA356769_ITS2_ASV359	*
C	212	2	*	*	*	*	*	PRJNA356769_ITS2_ASV420	*
C	213	4	*	*	*	*	*	PRJNA356769_ITS2_ASV562	*
C	214	1	*	*	*	*	*	PRJNA356769_ITS2_ASV633	*
C	215	1	*	*	*	*	*	PRJNA356769_ITS2_ASV661	*
C	216	1	*	*	*	*	*	PRJNA356769_ITS2_ASV473	*
C	217	1	*	*	*	*	*	PRJNA356769_ITS2_ASV493	*
C	218	1	*	*	*	*	*	PRJNA356769_ITS2_ASV505	*
C	219	1	*	*	*	*	*	PRJNA356769_ITS2_ASV516	*
C	220	1	*	*	*	*	*	PRJNA356769_ITS2_ASV544	*
C	221	1	*	*	*	*	*	PRJNA356769_ITS2_ASV55	*
C	222	2	*	*	*	*	*	PRJNA356769_ITS2_ASV733	*
C	223	1	*	*	*	*	*	PRJNA356769_ITS2_ASV740	*
C	224	1	*	*	*	*	*	PRJNA356769_ITS2_ASV1031	*
C	225	3	*	*	*	*	*	PRJNA356769_ITS2_ASV1047	*
C	226	1	*	*	*	*	*	PRJNA356769_ITS2_ASV187	*
C	227	1	*	*	*	*	*	PRJNA356769_ITS2_ASV205	*
C	228	1	*	*	*	*	*	PRJNA356769_ITS2_ASV32	*
C	229	1	*	*	*	*	*	PRJNA356769_ITS2_ASV395	*
C	230	2	*	*	*	*	*	PRJNA356769_ITS2_ASV410	*
C	231	1	*	*	*	*	*	PRJNA356769_ITS2_ASV676	*
C	232	1	*	*	*	*	*	PRJNA356769_ITS2_ASV963	*
C	233	2	*	*	*	*	*	PRJNA356769_ITS2_ASV1064	*
C	234	5	*	*	*	*	*	PRJNA356769_ITS2_ASV1070	*
C	235	1	*	*	*	*	*	PRJNA356769_ITS2_ASV307	*
C	236	1	*	*	*	*	*	PRJNA356769_ITS2_ASV50	*
C	237	3	*	*	*	*	*	PRJNA356769_ITS2_ASV796	*
C	238	1	*	*	*	*	*	PRJNA356769_ITS2_ASV865	*
C	239	1	*	*	*	*	*	PRJNA356769_ITS2_ASV876	*
C	240	1	*	*	*	*	*	PRJNA356769_ITS2_ASV917	*
C	241	1	*	*	*	*	*	PRJNA356769_ITS2_ASV1099	*
C	242	1	*	*	*	*	*	PRJNA356769_ITS2_ASV194	*
C	243	1	*	*	*	*	*	PRJNA356769_ITS2_ASV207	*
C	244	1	*	*	*	*	*	PRJNA356769_ITS2_ASV302	*
C	245	1	*	*	*	*	*	PRJNA356769_ITS2_ASV510	*
C	246	3	*	*	*	*	*	PRJNA356769_ITS2_ASV529	*
C	247	1	*	*	*	*	*	PRJNA356769_ITS2_ASV638	*
C	248	1	*	*	*	*	*	PRJNA356769_ITS2_ASV724	*
C	249	1	*	*	*	*	*	PRJNA356769_ITS2_ASV8	*
C	250	2	*	*	*	*	*	PRJNA356769_ITS2_ASV1040	*
C	251	1	*	*	*	*	*	PRJNA356769_ITS2_ASV1048	*
C	252	1	*	*	*	*	*	PRJNA356769_ITS2_ASV1081	*
C	253	1	*	*	*	*	*	PRJNA356769_ITS2_ASV193	*
C	254	2	*	*	*	*	*	PRJNA356769_ITS2_ASV228	*
C	255	1	*	*	*	*	*	PRJNA356769_ITS2_ASV330	*
C	256	3	*	*	*	*	*	PRJNA356769_ITS2_ASV423	*
C	257	1	*	*	*	*	*	PRJNA356769_ITS2_ASV599	*
C	258	1	*	*	*	*	*	PRJNA356769_ITS2_ASV680	*
C	259	1	*	*	*	*	*	PRJNA356769_ITS2_ASV829	*
C	260	3	*	*	*	*	*	PRJNA356769_ITS2_ASV1050	*
C	261	2	*	*	*	*	*	PRJNA356769_ITS2_ASV1079	*
C	262	1	*	*	*	*	*	PRJNA356769_ITS2_ASV124	*
C	263	1	*	*	*	*	*	PRJNA356769_ITS2_ASV136	*
C	264	8	*	*	*	*	*	PRJNA356769_ITS2_ASV174	*
C	265	2	*	*	*	*	*	PRJNA356769_ITS2_ASV282	*
C	266	3	*	*	*	*	*	PRJNA356769_ITS2_ASV531	*
C	267	1	*	*	*	*	*	PRJNA356769_ITS2_ASV651	*
C	268	3	*	*	*	*	*	PRJNA356769_ITS2_ASV750	*
C	269	1	*	*	*	*	*	PRJNA356769_ITS2_ASV775	*
C	270	1	*	*	*	*	*	PRJNA356769_ITS2_ASV870	*
C	271	1	*	*	*	*	*	PRJNA356769_ITS2_ASV930	*
C	272	1	*	*	*	*	*	PRJNA356769_ITS2_ASV118	*
C	273	1	*	*	*	*	*	PRJNA356769_ITS2_ASV17	*
C	274	1	*	*	*	*	*	PRJNA356769_ITS2_ASV200	*
C	275	1	*	*	*	*	*	PRJNA356769_ITS2_ASV256	*
C	276	1	*	*	*	*	*	PRJNA356769_ITS2_ASV343	*
C	277	1	*	*	*	*	*	PRJNA356769_ITS2_ASV585	*
C	278	2	*	*	*	*	*	PRJNA356769_ITS2_ASV6	*
C	279	1	*	*	*	*	*	PRJNA356769_ITS2_ASV799	*
C	280	2	*	*	*	*	*	PRJNA356769_ITS2_ASV844	*
C	281	1	*	*	*	*	*	PRJNA356769_ITS2_ASV848	*
C	282	1	*	*	*	*	*	PRJNA356769_ITS2_ASV997	*
C	283	1	*	*	*	*	*	PRJNA356769_ITS2_ASV190	*
C	284	1	*	*	*	*	*	PRJNA356769_ITS2_ASV247	*
C	285	2	*	*	*	*	*	PRJNA356769_ITS2_ASV2	*
C	286	1	*	*	*	*	*	PRJNA356769_ITS2_ASV360	*
C	287	2	*	*	*	*	*	PRJNA356769_ITS2_ASV561	*
C	288	1	*	*	*	*	*	PRJNA356769_ITS2_ASV801	*
C	289	1	*	*	*	*	*	PRJNA356769_ITS2_ASV440	*
C	290	1	*	*	*	*	*	PRJNA356769_ITS2_ASV569	*
C	291	1	*	*	*	*	*	PRJNA356769_ITS2_ASV1089	*
C	292	1	*	*	*	*	*	PRJNA356769_ITS2_ASV1093	*
C	293	1	*	*	*	*	*	PRJNA356769_ITS2_ASV272	*
C	294	1	*	*	*	*	*	PRJNA356769_ITS2_ASV299	*
C	295	2	*	*	*	*	*	PRJNA356769_ITS2_ASV524	*
C	296	1	*	*	*	*	*	PRJNA356769_ITS2_ASV571	*
C	297	1	*	*	*	*	*	PRJNA356769_ITS2_ASV1016	*
C	298	1	*	*	*	*	*	PRJNA356769_ITS2_ASV547	*
C	299	1	*	*	*	*	*	PRJNA356769_ITS2_ASV694	*
C	300	1	*	*	*	*	*	PRJNA356769_ITS2_ASV874	*
C	301	1	*	*	*	*	*	PRJNA356769_ITS2_ASV525	*
C	302	1	*	*	*	*	*	PRJNA356769_ITS2_ASV766	*
C	303	1	*	*	*	*	*	PRJNA356769_ITS2_ASV182	*
C	304	1	*	*	*	*	*	PRJNA356769_ITS2_ASV478	*
C	305	1	*	*	*	*	*	PRJNA356769_ITS2_ASV501	*
C	306	1	*	*	*	*	*	PRJNA356769_ITS2_ASV867	*
C	307	1	*	*	*	*	*	PRJNA356769_ITS2_ASV87	*
C	308	1	*	*	*	*	*	PRJNA356769_ITS2_ASV519	*
C	309	1	*	*	*	*	*	PRJNA356769_ITS2_ASV663	*
C	310	1	*	*	*	*	*	PRJNA356769_ITS2_ASV826	*
C	311	1	*	*	*	*	*	PRJNA356769_ITS2_ASV904	*
C	312	1	*	*	*	*	*	PRJNA356769_ITS2_ASV956	*
C	313	2	*	*	*	*	*	PRJNA356769_ITS2_ASV1025	*
C	314	1	*	*	*	*	*	PRJNA356769_ITS2_ASV1102	*
C	315	1	*	*	*	*	*	PRJNA356769_ITS2_ASV587	*
C	316	1	*	*	*	*	*	PRJNA356769_ITS2_ASV705	*
C	317	1	*	*	*	*	*	PRJNA356769_ITS2_ASV763	*
C	318	1	*	*	*	*	*	PRJNA356769_ITS2_ASV776	*
C	319	1	*	*	*	*	*	PRJNA356769_ITS2_ASV913	*
C	320	1	*	*	*	*	*	PRJNA356769_ITS2_ASV999	*
C	321	1	*	*	*	*	*	PRJNA356769_ITS2_ASV246	*
C	322	2	*	*	*	*	*	PRJNA356769_ITS2_ASV326	*
C	323	1	*	*	*	*	*	PRJNA356769_ITS2_ASV426	*
C	324	1	*	*	*	*	*	PRJNA356769_ITS2_ASV725	*
C	325	1	*	*	*	*	*	PRJNA356769_ITS2_ASV864	*
C	326	1	*	*	*	*	*	PRJNA356769_ITS2_ASV266	*
C	327	3	*	*	*	*	*	PRJNA356769_ITS2_ASV520	*
C	328	1	*	*	*	*	*	PRJNA356769_ITS2_ASV873	*
C	329	1	*	*	*	*	*	PRJNA356769_ITS2_ASV324	*
C	330	1	*	*	*	*	*	PRJNA356769_ITS2_ASV517	*
C	331	1	*	*	*	*	*	PRJNA356769_ITS2_ASV528	*
C	332	1	*	*	*	*	*	PRJNA356769_ITS2_ASV616	*
C	333	1	*	*	*	*	*	PRJNA356769_ITS2_ASV254	*
C	334	2	*	*	*	*	*	PRJNA356769_ITS2_ASV441	*
C	335	1	*	*	*	*	*	PRJNA356769_ITS2_ASV631	*
C	336	1	*	*	*	*	*	PRJNA356769_ITS2_ASV1052	*
C	337	1	*	*	*	*	*	PRJNA356769_ITS2_ASV107	*
C	338	1	*	*	*	*	*	PRJNA356769_ITS2_ASV126	*
C	339	1	*	*	*	*	*	PRJNA356769_ITS2_ASV129	*
C	340	1	*	*	*	*	*	PRJNA356769_ITS2_ASV237	*
C	341	1	*	*	*	*	*	PRJNA356769_ITS2_ASV494	*
C	342	1	*	*	*	*	*	PRJNA356769_ITS2_ASV497	*
C	343	2	*	*	*	*	*	PRJNA356769_ITS2_ASV76	*
C	344	1	*	*	*	*	*	PRJNA356769_ITS2_ASV768	*
C	345	1	*	*	*	*	*	PRJNA356769_ITS2_ASV896	*
C	346	2	*	*	*	*	*	PRJNA356769_ITS2_ASV13	*
C	347	2	*	*	*	*	*	PRJNA356769_ITS2_ASV224	*
C	348	1	*	*	*	*	*	PRJNA356769_ITS2_ASV235	*
C	349	2	*	*	*	*	*	PRJNA356769_ITS2_ASV560	*
C	350	1	*	*	*	*	*	PRJNA356769_ITS2_ASV626	*
C	351	1	*	*	*	*	*	PRJNA356769_ITS2_ASV632	*
C	352	1	*	*	*	*	*	PRJNA356769_ITS2_ASV1011	*
C	353	1	*	*	*	*	*	PRJNA356769_ITS2_ASV108	*
C	354	2	*	*	*	*	*	PRJNA356769_ITS2_ASV1103	*
C	355	1	*	*	*	*	*	PRJNA356769_ITS2_ASV181	*
C	356	1	*	*	*	*	*	PRJNA356769_ITS2_ASV24	*
C	357	1	*	*	*	*	*	PRJNA356769_ITS2_ASV452	*
C	358	1	*	*	*	*	*	PRJNA356769_ITS2_ASV591	*
C	359	1	*	*	*	*	*	PRJNA356769_ITS2_ASV656	*
C	360	1	*	*	*	*	*	PRJNA356769_ITS2_ASV752	*
C	361	1	*	*	*	*	*	PRJNA356769_ITS2_ASV782	*
C	362	3	*	*	*	*	*	PRJNA356769_ITS2_ASV786	*
C	363	2	*	*	*	*	*	PRJNA356769_ITS2_ASV1026	*
C	364	3	*	*	*	*	*	PRJNA356769_ITS2_ASV103	*
C	365	2	*	*	*	*	*	PRJNA356769_ITS2_ASV1096	*
C	366	1	*	*	*	*	*	PRJNA356769_ITS2_ASV1097	*
C	367	1	*	*	*	*	*	PRJNA356769_ITS2_ASV110	*
C	368	1	*	*	*	*	*	PRJNA356769_ITS2_ASV180	*
C	369	1	*	*	*	*	*	PRJNA356769_ITS2_ASV201	*
C	370	2	*	*	*	*	*	PRJNA356769_ITS2_ASV270	*
C	371	1	*	*	*	*	*	PRJNA356769_ITS2_ASV315	*
C	372	1	*	*	*	*	*	PRJNA356769_ITS2_ASV36	*
C	373	1	*	*	*	*	*	PRJNA356769_ITS2_ASV370	*
C	374	1	*	*	*	*	*	PRJNA356769_ITS2_ASV38	*
C	375	1	*	*	*	*	*	PRJNA356769_ITS2_ASV51	*
C	376	1	*	*	*	*	*	PRJNA356769_ITS2_ASV59	*
C	377	2	*	*	*	*	*	PRJNA356769_ITS2_ASV612	*
C	378	1	*	*	*	*	*	PRJNA356769_ITS2_ASV646	*
C	379	1	*	*	*	*	*	PRJNA356769_ITS2_ASV670	*
C	380	1	*	*	*	*	*	PRJNA356769_ITS2_ASV691	*
C	381	1	*	*	*	*	*	PRJNA356769_ITS2_ASV79	*
C	382	1	*	*	*	*	*	PRJNA356769_ITS2_ASV816	*
C	383	1	*	*	*	*	*	PRJNA356769_ITS2_ASV850	*
C	384	1	*	*	*	*	*	PRJNA356769_ITS2_ASV862	*
C	385	1	*	*	*	*	*	PRJNA356769_ITS2_ASV903	*
C	386	1	*	*	*	*	*	PRJNA356769_ITS2_ASV923	*
C	387	1	*	*	*	*	*	PRJNA356769_ITS2_ASV926	*
C	388	1	*	*	*	*	*	PRJNA356769_ITS2_ASV950	*
C	389	1	*	*	*	*	*	PRJNA356769_ITS2_ASV994	*
C	390	1	*	*	*	*	*	PRJNA356769_ITS2_ASV334	*
C	391	1	*	*	*	*	*	PRJNA356769_ITS2_ASV476	*
C	392	1	*	*	*	*	*	PRJNA356769_ITS2_ASV499	*
C	393	1	*	*	*	*	*	PRJNA356769_ITS2_ASV853	*
C	394	1	*	*	*	*	*	PRJNA356769_ITS2_ASV125	*
C	395	1	*	*	*	*	*	PRJNA356769_ITS2_ASV598	*
C	396	1	*	*	*	*	*	PRJNA356769_ITS2_ASV800	*
C	397	1	*	*	*	*	*	PRJNA356769_ITS2_ASV837	*
C	398	1	*	*	*	*	*	PRJNA356769_ITS2_ASV1045	*
C	399	1	*	*	*	*	*	PRJNA356769_ITS2_ASV230	*
C	400	1	*	*	*	*	*	PRJNA356769_ITS2_ASV310	*
C	401	1	*	*	*	*	*	PRJNA356769_ITS2_ASV333	*
C	402	1	*	*	*	*	*	PRJNA356769_ITS2_ASV453	*
C	403	1	*	*	*	*	*	PRJNA356769_ITS2_ASV89	*
C	404	2	*	*	*	*	*	PRJNA356769_ITS2_ASV1057	*
C	405	1	*	*	*	*	*	PRJNA356769_ITS2_ASV527	*
C	406	1	*	*	*	*	*	PRJNA356769_ITS2_ASV909	*
C	407	1	*	*	*	*	*	PRJNA356769_ITS2_ASV990	*
C	408	1	*	*	*	*	*	PRJNA356769_ITS2_ASV226	*
C	409	1	*	*	*	*	*	PRJNA356769_ITS2_ASV306	*
C	410	1	*	*	*	*	*	PRJNA356769_ITS2_ASV649	*
C	411	1	*	*	*	*	*	PRJNA356769_ITS2_ASV996	*
C	412	1	*	*	*	*	*	PRJNA356769_ITS2_ASV863	*
C	413	1	*	*	*	*	*	PRJNA356769_ITS2_ASV976	*
C	414	1	*	*	*	*	*	PRJNA356769_ITS2_ASV1063	*
C	415	1	*	*	*	*	*	PRJNA356769_ITS2_ASV1067	*
C	416	1	*	*	*	*	*	PRJNA356769_ITS2_ASV321	*
C	417	1	*	*	*	*	*	PRJNA356769_ITS2_ASV327	*
C	418	1	*	*	*	*	*	PRJNA356769_ITS2_ASV580	*
C	419	1	*	*	*	*	*	PRJNA356769_ITS2_ASV808	*
C	420	1	*	*	*	*	*	PRJNA356769_ITS2_ASV12	*
C	421	2	*	*	*	*	*	PRJNA356769_ITS2_ASV475	*
C	422	1	*	*	*	*	*	PRJNA356769_ITS2_ASV620	*
C	423	1	*	*	*	*	*	PRJNA356769_ITS2_ASV765	*
C	424	1	*	*	*	*	*	PRJNA356769_ITS2_ASV234	*
C	425	2	*	*	*	*	*	PRJNA356769_ITS2_ASV533	*
C	426	3	*	*	*	*	*	PRJNA356769_ITS2_ASV675	*
C	427	1	*	*	*	*	*	PRJNA356769_ITS2_ASV350	*
C	428	1	*	*	*	*	*	PRJNA356769_ITS2_ASV57	*
C	429	2	*	*	*	*	*	PRJNA356769_ITS2_ASV757	*
C	430	1	*	*	*	*	*	PRJNA356769_ITS2_ASV955	*
C	431	1	*	*	*	*	*	PRJNA356769_ITS2_ASV257	*
C	432	1	*	*	*	*	*	PRJNA356769_ITS2_ASV29	*
C	433	1	*	*	*	*	*	PRJNA356769_ITS2_ASV318	*
C	434	2	*	*	*	*	*	PRJNA356769_ITS2_ASV477	*
C	435	1	*	*	*	*	*	PRJNA356769_ITS2_ASV614	*
C	436	1	*	*	*	*	*	PRJNA356769_ITS2_ASV802	*
C	437	1	*	*	*	*	*	PRJNA356769_ITS2_ASV720	*
C	438	1	*	*	*	*	*	PRJNA356769_ITS2_ASV915	*
C	439	1	*	*	*	*	*	PRJNA356769_ITS2_ASV202	*
C	440	1	*	*	*	*	*	PRJNA356769_ITS2_ASV566	*
C	441	1	*	*	*	*	*	PRJNA356769_ITS2_ASV667	*
C	442	1	*	*	*	*	*	PRJNA356769_ITS2_ASV731	*
C	443	2	*	*	*	*	*	PRJNA356769_ITS2_ASV792	*
C	444	1	*	*	*	*	*	PRJNA356769_ITS2_ASV99	*
C	445	1	*	*	*	*	*	PRJNA356769_ITS2_ASV1023	*
C	446	2	*	*	*	*	*	PRJNA356769_ITS2_ASV1058	*
C	447	1	*	*	*	*	*	PRJNA356769_ITS2_ASV146	*
C	448	1	*	*	*	*	*	PRJNA356769_ITS2_ASV18	*
C	449	1	*	*	*	*	*	PRJNA356769_ITS2_ASV383	*
C	450	1	*	*	*	*	*	PRJNA356769_ITS2_ASV523	*
C	451	1	*	*	*	*	*	PRJNA356769_ITS2_ASV745	*
C	452	1	*	*	*	*	*	PRJNA356769_ITS2_ASV1074	*
C	453	1	*	*	*	*	*	PRJNA356769_ITS2_ASV338	*
C	454	2	*	*	*	*	*	PRJNA356769_ITS2_ASV391	*
C	455	1	*	*	*	*	*	PRJNA356769_ITS2_ASV413	*
C	456	1	*	*	*	*	*	PRJNA356769_ITS2_ASV458	*
C	457	1	*	*	*	*	*	PRJNA356769_ITS2_ASV647	*
C	458	1	*	*	*	*	*	PRJNA356769_ITS2_ASV727	*
C	459	1	*	*	*	*	*	PRJNA356769_ITS2_ASV881	*
C	460	1	*	*	*	*	*	PRJNA356769_ITS2_ASV106	*
C	461	1	*	*	*	*	*	PRJNA356769_ITS2_ASV142	*
C	462	2	*	*	*	*	*	PRJNA356769_ITS2_ASV320	*
C	463	1	*	*	*	*	*	PRJNA356769_ITS2_ASV374	*
C	464	1	*	*	*	*	*	PRJNA356769_ITS2_ASV377	*
C	465	1	*	*	*	*	*	PRJNA356769_ITS2_ASV411	*
C	466	1	*	*	*	*	*	PRJNA356769_ITS2_ASV429	*
C	467	2	*	*	*	*	*	PRJNA356769_ITS2_ASV442	*
C	468	1	*	*	*	*	*	PRJNA356769_ITS2_ASV518	*
C	469	1	*	*	*	*	*	PRJNA356769_ITS2_ASV682	*
C	470	1	*	*	*	*	*	PRJNA356769_ITS2_ASV717	*
C	471	1	*	*	*	*	*	PRJNA356769_ITS2_ASV937	*
C	472	1	*	*	*	*	*	PRJNA356769_ITS2_ASV112	*
C	473	1	*	*	*	*	*	PRJNA356769_ITS2_ASV162	*
C	474	2	*	*	*	*	*	PRJNA356769_ITS2_ASV275	*
C	475	1	*	*	*	*	*	PRJNA356769_ITS2_ASV375	*
C	476	1	*	*	*	*	*	PRJNA356769_ITS2_ASV432	*
C	477	1	*	*	*	*	*	PRJNA356769_ITS2_ASV583	*
C	478	1	*	*	*	*	*	PRJNA356769_ITS2_ASV701	*
C	479	1	*	*	*	*	*	PRJNA356769_ITS2_ASV820	*
C	480	1	*	*	*	*	*	PRJNA356769_ITS2_ASV959	*
C	481	1	*	*	*	*	*	PRJNA356769_ITS2_ASV1051	*
C	482	1	*	*	*	*	*	PRJNA356769_ITS2_ASV1078	*
C	483	1	*	*	*	*	*	PRJNA356769_ITS2_ASV149	*
C	484	1	*	*	*	*	*	PRJNA356769_ITS2_ASV157	*
C	485	1	*	*	*	*	*	PRJNA356769_ITS2_ASV384	*
C	486	1	*	*	*	*	*	PRJNA356769_ITS2_ASV577	*
C	487	1	*	*	*	*	*	PRJNA356769_ITS2_ASV69	*
C	488	2	*	*	*	*	*	PRJNA356769_ITS2_ASV851	*
C	489	1	*	*	*	*	*	PRJNA356769_ITS2_ASV855	*
C	490	1	*	*	*	*	*	PRJNA356769_ITS2_ASV969	*
C	491	3	*	*	*	*	*	PRJNA356769_ITS2_ASV203	*
C	492	1	*	*	*	*	*	PRJNA356769_ITS2_ASV277	*
C	493	2	*	*	*	*	*	PRJNA356769_ITS2_ASV28	*
C	494	2	*	*	*	*	*	PRJNA356769_ITS2_ASV436	*
C	495	1	*	*	*	*	*	PRJNA356769_ITS2_ASV596	*
C	496	1	*	*	*	*	*	PRJNA356769_ITS2_ASV615	*
C	497	1	*	*	*	*	*	PRJNA356769_ITS2_ASV642	*
C	498	1	*	*	*	*	*	PRJNA356769_ITS2_ASV780	*
C	499	1	*	*	*	*	*	PRJNA356769_ITS2_ASV933	*
C	500	1	*	*	*	*	*	PRJNA356769_ITS2_ASV945	*
C	501	2	*	*	*	*	*	PRJNA356769_ITS2_ASV960	*
C	502	1	*	*	*	*	*	PRJNA356769_ITS2_ASV998	*
C	503	1	*	*	*	*	*	PRJNA356769_ITS2_ASV3	*
C	504	1	*	*	*	*	*	PRJNA356769_ITS2_ASV312	*
C	505	1	*	*	*	*	*	PRJNA356769_ITS2_ASV325	*
C	506	1	*	*	*	*	*	PRJNA356769_ITS2_ASV532	*
C	507	1	*	*	*	*	*	PRJNA356769_ITS2_ASV56	*
C	508	1	*	*	*	*	*	PRJNA356769_ITS2_ASV624	*
C	509	1	*	*	*	*	*	PRJNA356769_ITS2_ASV721	*
C	510	1	*	*	*	*	*	PRJNA356769_ITS2_ASV813	*
C	511	1	*	*	*	*	*	PRJNA356769_ITS2_ASV920	*
C	512	1	*	*	*	*	*	PRJNA356769_ITS2_ASV1077	*
C	513	1	*	*	*	*	*	PRJNA356769_ITS2_ASV117	*
C	514	1	*	*	*	*	*	PRJNA356769_ITS2_ASV213	*
C	515	3	*	*	*	*	*	PRJNA356769_ITS2_ASV276	*
C	516	8	*	*	*	*	*	PRJNA356769_ITS2_ASV358	*
C	517	1	*	*	*	*	*	PRJNA356769_ITS2_ASV408	*
C	518	1	*	*	*	*	*	PRJNA356769_ITS2_ASV446	*
C	519	2	*	*	*	*	*	PRJNA356769_ITS2_ASV552	*
C	520	1	*	*	*	*	*	PRJNA356769_ITS2_ASV739	*
C	521	2	*	*	*	*	*	PRJNA356769_ITS2_ASV840	*
C	522	1	*	*	*	*	*	PRJNA356769_ITS2_ASV857	*
C	523	1	*	*	*	*	*	PRJNA356769_ITS2_ASV953	*
C	524	1	*	*	*	*	*	PRJNA356769_ITS2_ASV137	*
C	525	3	*	*	*	*	*	PRJNA356769_ITS2_ASV188	*
C	526	1	*	*	*	*	*	PRJNA356769_ITS2_ASV465	*
C	527	1	*	*	*	*	*	PRJNA356769_ITS2_ASV702	*
C	528	1	*	*	*	*	*	PRJNA356769_ITS2_ASV784	*
C	529	1	*	*	*	*	*	PRJNA356769_ITS2_ASV785	*
C	530	1	*	*	*	*	*	PRJNA356769_ITS2_ASV96	*
C	531	1	*	*	*	*	*	PRJNA356769_ITS2_ASV133	*
C	532	1	*	*	*	*	*	PRJNA356769_ITS2_ASV15	*
C	533	1	*	*	*	*	*	PRJNA356769_ITS2_ASV344	*
C	534	1	*	*	*	*	*	PRJNA356769_ITS2_ASV430	*
C	535	1	*	*	*	*	*	PRJNA356769_ITS2_ASV543	*
C	536	1	*	*	*	*	*	PRJNA356769_ITS2_ASV619	*
C	537	1	*	*	*	*	*	PRJNA356769_ITS2_ASV62	*
C	538	1	*	*	*	*	*	PRJNA356769_ITS2_ASV641	*
C	539	1	*	*	*	*	*	PRJNA356769_ITS2_ASV883	*
C	540	1	*	*	*	*	*	PRJNA356769_ITS2_ASV1069	*
C	541	1	*	*	*	*	*	PRJNA356769_ITS2_ASV151	*
C	542	1	*	*	*	*	*	PRJNA356769_ITS2_ASV269	*
C	543	1	*	*	*	*	*	PRJNA356769_ITS2_ASV289	*
C	544	1	*	*	*	*	*	PRJNA356769_ITS2_ASV521	*
C	545	2	*	*	*	*	*	PRJNA356769_ITS2_ASV592	*
C	546	1	*	*	*	*	*	PRJNA356769_ITS2_ASV606	*
C	547	1	*	*	*	*	*	PRJNA356769_ITS2_ASV821	*
C	548	3	*	*	*	*	*	PRJNA356769_ITS2_ASV1065	*
C	549	1	*	*	*	*	*	PRJNA356769_ITS2_ASV145	*
C	550	3	*	*	*	*	*	PRJNA356769_ITS2_ASV379	*
C	551	1	*	*	*	*	*	PRJNA356769_ITS2_ASV461	*
C	552	2	*	*	*	*	*	PRJNA356769_ITS2_ASV52	*
C	553	1	*	*	*	*	*	PRJNA356769_ITS2_ASV652	*
C	554	1	*	*	*	*	*	PRJNA356769_ITS2_ASV973	*
C	555	2	*	*	*	*	*	PRJNA356769_ITS2_ASV1006	*
C	556	1	*	*	*	*	*	PRJNA356769_ITS2_ASV1060	*
C	557	1	*	*	*	*	*	PRJNA356769_ITS2_ASV1080	*
C	558	1	*	*	*	*	*	PRJNA356769_ITS2_ASV184	*
C	559	1	*	*	*	*	*	PRJNA356769_ITS2_ASV283	*
C	560	1	*	*	*	*	*	PRJNA356769_ITS2_ASV729	*
C	561	1	*	*	*	*	*	PRJNA356769_ITS2_ASV80	*
C	562	1	*	*	*	*	*	PRJNA356769_ITS2_ASV10	*
C	563	1	*	*	*	*	*	PRJNA356769_ITS2_ASV139	*
C	564	1	*	*	*	*	*	PRJNA356769_ITS2_ASV231	*
C	565	1	*	*	*	*	*	PRJNA356769_ITS2_ASV255	*
C	566	3	*	*	*	*	*	PRJNA356769_ITS2_ASV459	*
C	567	1	*	*	*	*	*	PRJNA356769_ITS2_ASV618	*
C	568	1	*	*	*	*	*	PRJNA356769_ITS2_ASV643	*
C	569	1	*	*	*	*	*	PRJNA356769_ITS2_ASV709	*
C	570	1	*	*	*	*	*	PRJNA356769_ITS2_ASV830	*
C	571	1	*	*	*	*	*	PRJNA356769_ITS2_ASV846	*
C	572	1	*	*	*	*	*	PRJNA356769_ITS2_ASV944	*
C	573	1	*	*	*	*	*	PRJNA356769_ITS2_ASV985	*
C	574	1	*	*	*	*	*	PRJNA356769_ITS2_ASV1024	*
C	575	1	*	*	*	*	*	PRJNA356769_ITS2_ASV1037	*
C	576	1	*	*	*	*	*	PRJNA356769_ITS2_ASV167	*
C	577	1	*	*	*	*	*	PRJNA356769_ITS2_ASV405	*
C	578	1	*	*	*	*	*	PRJNA356769_ITS2_ASV450	*
C	579	1	*	*	*	*	*	PRJNA356769_ITS2_ASV470	*
C	580	1	*	*	*	*	*	PRJNA356769_ITS2_ASV48	*
C	581	1	*	*	*	*	*	PRJNA356769_ITS2_ASV484	*
C	582	1	*	*	*	*	*	PRJNA356769_ITS2_ASV564	*
C	583	1	*	*	*	*	*	PRJNA356769_ITS2_ASV602	*
C	584	1	*	*	*	*	*	PRJNA356769_ITS2_ASV622	*
C	585	1	*	*	*	*	*	PRJNA356769_ITS2_ASV730	*
C	586	1	*	*	*	*	*	PRJNA356769_ITS2_ASV1041	*
C	587	1	*	*	*	*	*	PRJNA356769_ITS2_ASV119	*
C	588	1	*	*	*	*	*	PRJNA356769_ITS2_ASV170	*
C	589	1	*	*	*	*	*	PRJNA356769_ITS2_ASV22	*
C	590	1	*	*	*	*	*	PRJNA356769_ITS2_ASV222	*
C	591	1	*	*	*	*	*	PRJNA356769_ITS2_ASV300	*
C	592	1	*	*	*	*	*	PRJNA356769_ITS2_ASV732	*
C	593	1	*	*	*	*	*	PRJNA356769_ITS2_ASV814	*
C	594	1	*	*	*	*	*	PRJNA356769_ITS2_ASV921	*
C	595	1	*	*	*	*	*	PRJNA356769_ITS2_ASV972	*
C	596	1	*	*	*	*	*	PRJNA356769_ITS2_ASV141	*
C	597	1	*	*	*	*	*	PRJNA356769_ITS2_ASV345	*
C	598	1	*	*	*	*	*	PRJNA356769_ITS2_ASV455	*
C	599	2	*	*	*	*	*	PRJNA356769_ITS2_ASV504	*
C	600	1	*	*	*	*	*	PRJNA356769_ITS2_ASV541	*
C	601	3	*	*	*	*	*	PRJNA356769_ITS2_ASV548	*
C	602	1	*	*	*	*	*	PRJNA356769_ITS2_ASV715	*
C	603	1	*	*	*	*	*	PRJNA356769_ITS2_ASV749	*
C	604	1	*	*	*	*	*	PRJNA356769_ITS2_ASV760	*
C	605	1	*	*	*	*	*	PRJNA356769_ITS2_ASV827	*
C	606	1	*	*	*	*	*	PRJNA356769_ITS2_ASV1018	*
C	607	1	*	*	*	*	*	PRJNA356769_ITS2_ASV1020	*
C	608	2	*	*	*	*	*	PRJNA356769_ITS2_ASV130	*
C	609	1	*	*	*	*	*	PRJNA356769_ITS2_ASV144	*
C	610	1	*	*	*	*	*	PRJNA356769_ITS2_ASV171	*
C	611	1	*	*	*	*	*	PRJNA356769_ITS2_ASV218	*
C	612	1	*	*	*	*	*	PRJNA356769_ITS2_ASV252	*
C	613	1	*	*	*	*	*	PRJNA356769_ITS2_ASV263	*
C	614	1	*	*	*	*	*	PRJNA356769_ITS2_ASV336	*
C	615	1	*	*	*	*	*	PRJNA356769_ITS2_ASV347	*
C	616	1	*	*	*	*	*	PRJNA356769_ITS2_ASV435	*
C	617	1	*	*	*	*	*	PRJNA356769_ITS2_ASV500	*
C	618	1	*	*	*	*	*	PRJNA356769_ITS2_ASV568	*
C	619	1	*	*	*	*	*	PRJNA356769_ITS2_ASV576	*
C	620	1	*	*	*	*	*	PRJNA356769_ITS2_ASV63	*
C	621	1	*	*	*	*	*	PRJNA356769_ITS2_ASV674	*
C	622	1	*	*	*	*	*	PRJNA356769_ITS2_ASV697	*
C	623	1	*	*	*	*	*	PRJNA356769_ITS2_ASV719	*
C	624	1	*	*	*	*	*	PRJNA356769_ITS2_ASV809	*
C	625	1	*	*	*	*	*	PRJNA356769_ITS2_ASV335	*
C	626	1	*	*	*	*	*	PRJNA356769_ITS2_ASV340	*
C	627	1	*	*	*	*	*	PRJNA356769_ITS2_ASV381	*
C	628	1	*	*	*	*	*	PRJNA356769_ITS2_ASV400	*
C	629	1	*	*	*	*	*	PRJNA356769_ITS2_ASV559	*
C	630	1	*	*	*	*	*	PRJNA356769_ITS2_ASV597	*
C	631	1	*	*	*	*	*	PRJNA356769_ITS2_ASV650	*
C	632	1	*	*	*	*	*	PRJNA356769_ITS2_ASV860	*
C	633	1	*	*	*	*	*	PRJNA356769_ITS2_ASV889	*
C	634	1	*	*	*	*	*	PRJNA356769_ITS2_ASV940	*
C	635	1	*	*	*	*	*	PRJNA356769_ITS2_ASV962	*
C	636	1	*	*	*	*	*	PRJNA356769_ITS2_ASV199	*
C	637	1	*	*	*	*	*	PRJNA356769_ITS2_ASV352	*
C	638	1	*	*	*	*	*	PRJNA356769_ITS2_ASV558	*
C	639	1	*	*	*	*	*	PRJNA356769_ITS2_ASV672	*
C	640	1	*	*	*	*	*	PRJNA356769_ITS2_ASV894	*
C	641	1	*	*	*	*	*	PRJNA356769_ITS2_ASV948	*
C	642	1	*	*	*	*	*	PRJNA356769_ITS2_ASV1091	*
C	643	1	*	*	*	*	*	PRJNA356769_ITS2_ASV412	*
C	644	3	*	*	*	*	*	PRJNA356769_ITS2_ASV588	*
C	645	1	*	*	*	*	*	PRJNA356769_ITS2_ASV617	*
C	646	1	*	*	*	*	*	PRJNA356769_ITS2_ASV804	*
C	647	1	*	*	*	*	*	PRJNA356769_ITS2_ASV911	*
C	648	1	*	*	*	*	*	PRJNA356769_ITS2_ASV198	*
C	649	2	*	*	*	*	*	PRJNA356769_ITS2_ASV279	*
C	650	5	*	*	*	*	*	PRJNA356769_ITS2_ASV290	*
C	651	1	*	*	*	*	*	PRJNA356769_ITS2_ASV555	*
C	652	3	*	*	*	*	*	PRJNA356769_ITS2_ASV557	*
C	653	2	*	*	*	*	*	PRJNA356769_ITS2_ASV630	*
C	654	1	*	*	*	*	*	PRJNA356769_ITS2_ASV637	*
C	655	1	*	*	*	*	*	PRJNA356769_ITS2_ASV689	*
C	656	1	*	*	*	*	*	PRJNA356769_ITS2_ASV723	*
C	657	1	*	*	*	*	*	PRJNA356769_ITS2_ASV961	*
C	658	1	*	*	*	*	*	PRJNA356769_ITS2_ASV148	*
C	659	1	*	*	*	*	*	PRJNA356769_ITS2_ASV417	*
C	660	1	*	*	*	*	*	PRJNA356769_ITS2_ASV444	*
C	661	1	*	*	*	*	*	PRJNA356769_ITS2_ASV514	*
C	662	1	*	*	*	*	*	PRJNA356769_ITS2_ASV589	*
C	663	1	*	*	*	*	*	PRJNA356769_ITS2_ASV660	*
C	664	2	*	*	*	*	*	PRJNA356769_ITS2_ASV692	*
C	665	1	*	*	*	*	*	PRJNA356769_ITS2_ASV929	*
C	666	1	*	*	*	*	*	PRJNA356769_ITS2_ASV946	*
C	667	1	*	*	*	*	*	PRJNA356769_ITS2_ASV100	*
C	668	3	*	*	*	*	*	PRJNA356769_ITS2_ASV210	*
C	669	1	*	*	*	*	*	PRJNA356769_ITS2_ASV214	*
C	670	2	*	*	*	*	*	PRJNA356769_ITS2_ASV23	*
C	671	1	*	*	*	*	*	PRJNA356769_ITS2_ASV253	*
C	672	1	*	*	*	*	*	PRJNA356769_ITS2_ASV45	*
C	673	2	*	*	*	*	*	PRJNA356769_ITS2_ASV551	*
C	674	1	*	*	*	*	*	PRJNA356769_ITS2_ASV748	*
C	675	1	*	*	*	*	*	PRJNA356769_ITS2_ASV754	*
C	676	1	*	*	*	*	*	PRJNA356769_ITS2_ASV135	*
C	677	1	*	*	*	*	*	PRJNA356769_ITS2_ASV16	*
C	678	1	*	*	*	*	*	PRJNA356769_ITS2_ASV295	*
C	679	1	*	*	*	*	*	PRJNA356769_ITS2_ASV308	*
C	680	1	*	*	*	*	*	PRJNA356769_ITS2_ASV888	*
C	681	1	*	*	*	*	*	PRJNA356769_ITS2_ASV30	*
C	682	1	*	*	*	*	*	PRJNA356769_ITS2_ASV303	*
C	683	2	*	*	*	*	*	PRJNA356769_ITS2_ASV398	*
C	684	1	*	*	*	*	*	PRJNA356769_ITS2_ASV565	*
C	685	1	*	*	*	*	*	PRJNA356769_ITS2_ASV578	*
C	686	1	*	*	*	*	*	PRJNA356769_ITS2_ASV43	*
C	687	2	*	*	*	*	*	PRJNA356769_ITS2_ASV437	*
C	688	1	*	*	*	*	*	PRJNA356769_ITS2_ASV605	*
C	689	1	*	*	*	*	*	PRJNA356769_ITS2_ASV758	*
C	690	1	*	*	*	*	*	PRJNA356769_ITS2_ASV1073	*
C	691	1	*	*	*	*	*	PRJNA356769_ITS2_ASV979	*
C	692	2	*	*	*	*	*	PRJNA356769_ITS2_ASV574	*
C	693	1	*	*	*	*	*	PRJNA356769_ITS2_ASV993	*
C	694	3	*	*	*	*	*	PRJNA356769_ITS2_ASV1028	*
C	695	2	*	*	*	*	*	PRJNA356769_ITS2_ASV1015	*
C	696	1	*	*	*	*	*	PRJNA356769_ITS2_ASV250	*
C	697	1	*	*	*	*	*	PRJNA356769_ITS2_ASV337	*
C	698	1	*	*	*	*	*	PRJNA356769_ITS2_ASV61	*
C	699	1	*	*	*	*	*	PRJNA356769_ITS2_ASV671	*
C	700	1	*	*	*	*	*	PRJNA356769_ITS2_ASV690	*
C	701	1	*	*	*	*	*	PRJNA356769_ITS2_ASV159	*
C	702	1	*	*	*	*	*	PRJNA356769_ITS2_ASV179	*
C	703	1	*	*	*	*	*	PRJNA356769_ITS2_ASV225	*
C	704	1	*	*	*	*	*	PRJNA356769_ITS2_ASV240	*
C	705	7	*	*	*	*	*	PRJNA356769_ITS2_ASV25	*
C	706	1	*	*	*	*	*	PRJNA356769_ITS2_ASV268	*
C	707	1	*	*	*	*	*	PRJNA356769_ITS2_ASV530	*
C	708	1	*	*	*	*	*	PRJNA356769_ITS2_ASV849	*
C	709	1	*	*	*	*	*	PRJNA356769_ITS2_ASV1000	*
C	710	2	*	*	*	*	*	PRJNA356769_ITS2_ASV113	*
C	711	1	*	*	*	*	*	PRJNA356769_ITS2_ASV221	*
C	712	1	*	*	*	*	*	PRJNA356769_ITS2_ASV288	*
C	713	1	*	*	*	*	*	PRJNA356769_ITS2_ASV293	*
C	714	1	*	*	*	*	*	PRJNA356769_ITS2_ASV703	*
C	715	1	*	*	*	*	*	PRJNA356769_ITS2_ASV836	*
C	716	1	*	*	*	*	*	PRJNA356769_ITS2_ASV1083	*
C	717	1	*	*	*	*	*	PRJNA356769_ITS2_ASV751	*
C	718	1	*	*	*	*	*	PRJNA356769_ITS2_ASV158	*
C	719	1	*	*	*	*	*	PRJNA356769_ITS2_ASV871	*
C	720	1	*	*	*	*	*	PRJNA356769_ITS2_ASV924	*
C	721	1	*	*	*	*	*	PRJNA356769_ITS2_ASV747	*
C	722	2	*	*	*	*	*	PRJNA356769_ITS2_ASV538	*
C	723	1	*	*	*	*	*	PRJNA356769_ITS2_ASV1055	*
C	724	2	*	*	*	*	*	PRJNA356769_ITS2_ASV361	*
C	725	1	*	*	*	*	*	PRJNA356769_ITS2_ASV329	*
C	726	1	*	*	*	*	*	PRJNA356769_ITS2_ASV41	*
C	727	1	*	*	*	*	*	PRJNA356769_ITS2_ASV595	*
C	728	1	*	*	*	*	*	PRJNA356769_ITS2_ASV657	*
C	729	2	*	*	*	*	*	PRJNA356769_ITS2_ASV356	*
C	730	1	*	*	*	*	*	PRJNA356769_ITS2_ASV454	*
C	731	1	*	*	*	*	*	PRJNA356769_ITS2_ASV507	*
C	732	1	*	*	*	*	*	PRJNA356769_ITS2_ASV714	*
C	733	2	*	*	*	*	*	PRJNA356769_ITS2_ASV877	*
C	734	1	*	*	*	*	*	PRJNA356769_ITS2_ASV895	*
C	735	1	*	*	*	*	*	PRJNA356769_ITS2_ASV185	*
C	736	1	*	*	*	*	*	PRJNA356769_ITS2_ASV798	*
C	737	2	*	*	*	*	*	PRJNA356769_ITS2_ASV20	*
C	738	1	*	*	*	*	*	PRJNA356769_ITS2_ASV991	*
C	739	1	*	*	*	*	*	PRJNA356769_ITS2_ASV191	*
C	740	3	*	*	*	*	*	PRJNA356769_ITS2_ASV1012	*
C	741	2	*	*	*	*	*	PRJNA356769_ITS2_ASV1104	*
C	742	2	*	*	*	*	*	PRJNA356769_ITS2_ASV1049	*
C	743	1	*	*	*	*	*	PRJNA356769_ITS2_ASV797	*
C	744	1	*	*	*	*	*	PRJNA356769_ITS2_ASV934	*
C	745	1	*	*	*	*	*	PRJNA356769_ITS2_ASV481	*
C	746	2	*	*	*	*	*	PRJNA356769_ITS2_ASV114	*
C	747	1	*	*	*	*	*	PRJNA356769_ITS2_ASV392	*
C	748	1	*	*	*	*	*	PRJNA356769_ITS2_ASV1035	*
C	749	1	*	*	*	*	*	PRJNA356769_ITS2_ASV215	*
C	750	1	*	*	*	*	*	PRJNA356769_ITS2_ASV396	*
C	751	1	*	*	*	*	*	PRJNA356769_ITS2_ASV604	*
C	752	1	*	*	*	*	*	PRJNA356769_ITS2_ASV463	*
C	753	1	*	*	*	*	*	PRJNA356769_ITS2_ASV469	*
C	754	1	*	*	*	*	*	PRJNA356769_ITS2_ASV387	*
C	755	1	*	*	*	*	*	PRJNA356769_ITS2_ASV287	*
C	756	1	*	*	*	*	*	PRJNA356769_ITS2_ASV71	*
C	757	2	*	*	*	*	*	PRJNA356769_ITS2_ASV491	*
C	758	2	*	*	*	*	*	PRJNA356769_ITS2_ASV1054	*
C	759	1	*	*	*	*	*	PRJNA356769_ITS2_ASV1030	*
C	760	1	*	*	*	*	*	PRJNA356769_ITS2_ASV1062	*
C	761	1	*	*	*	*	*	PRJNA356769_ITS2_ASV803	*
C	762	1	*	*	*	*	*	PRJNA356769_ITS2_ASV382	*
C	763	1	*	*	*	*	*	PRJNA356769_ITS2_ASV707	*
C	764	1	*	*	*	*	*	PRJNA356769_ITS2_ASV172	*
C	765	1	*	*	*	*	*	PRJNA356769_ITS2_ASV1027	*
C	766	1	*	*	*	*	*	PRJNA356769_ITS2_ASV322	*
C	767	1	*	*	*	*	*	PRJNA356769_ITS2_ASV722	*
C	768	1	*	*	*	*	*	PRJNA356769_ITS2_ASV1090	*
C	769	1	*	*	*	*	*	PRJNA356769_ITS2_ASV699	*
C	770	1	*	*	*	*	*	PRJNA356769_ITS2_ASV339	*
C	771	1	*	*	*	*	*	PRJNA356769_ITS2_ASV72	*
C	772	1	*	*	*	*	*	PRJNA356769_ITS2_ASV402	*
C	773	1	*	*	*	*	*	PRJNA356769_ITS2_ASV781	*
C	774	1	*	*	*	*	*	PRJNA356769_ITS2_ASV128	*
C	775	1	*	*	*	*	*	PRJNA356769_ITS2_ASV807	*
C	776	1	*	*	*	*	*	PRJNA356769_ITS2_ASV416	*
C	777	1	*	*	*	*	*	PRJNA356769_ITS2_ASV695	*
C	778	1	*	*	*	*	*	PRJNA356769_ITS2_ASV983	*
