S	0	349	*	*	*	*	*	PRJNA356769b_ITS2_ASV242	*
S	1	304	*	*	*	*	*	PRJNA356769b_ITS2_ASV305	*
H	1	304	99.3	+	0	0	304M	PRJNA356769b_ITS2_ASV534	PRJNA356769b_ITS2_ASV305
H	1	304	99.7	+	0	0	304M	PRJNA356769b_ITS2_ASV816	PRJNA356769b_ITS2_ASV305
S	2	303	*	*	*	*	*	PRJNA356769b_ITS2_ASV70	*
S	3	302	*	*	*	*	*	PRJNA356769b_ITS2_ASV766	*
S	4	292	*	*	*	*	*	PRJNA356769b_ITS2_ASV389	*
H	4	291	99.7	+	0	0	269MI22M	PRJNA356769b_ITS2_ASV313	PRJNA356769b_ITS2_ASV389
H	4	290	99.3	+	0	0	269M2I21M	PRJNA356769b_ITS2_ASV114	PRJNA356769b_ITS2_ASV389
S	5	290	*	*	*	*	*	PRJNA356769b_ITS2_ASV176	*
S	6	290	*	*	*	*	*	PRJNA356769b_ITS2_ASV33	*
H	4	290	98.6	+	0	0	87MI181MI22M	PRJNA356769b_ITS2_ASV427	PRJNA356769b_ITS2_ASV389
S	7	290	*	*	*	*	*	PRJNA356769b_ITS2_ASV624	*
S	8	290	*	*	*	*	*	PRJNA356769b_ITS2_ASV656	*
H	8	290	99.7	+	0	0	290M	PRJNA356769b_ITS2_ASV701	PRJNA356769b_ITS2_ASV656
H	8	290	99.0	+	0	0	247MI19MD23M	PRJNA356769b_ITS2_ASV702	PRJNA356769b_ITS2_ASV656
H	6	290	99.7	+	0	0	290M	PRJNA356769b_ITS2_ASV760	PRJNA356769b_ITS2_ASV33
H	6	290	98.6	+	0	0	290M	PRJNA356769b_ITS2_ASV810	PRJNA356769b_ITS2_ASV33
H	5	290	99.7	+	0	0	290M	PRJNA356769b_ITS2_ASV924	PRJNA356769b_ITS2_ASV176
H	8	290	99.3	+	0	0	247MI19MD23M	PRJNA356769b_ITS2_ASV976	PRJNA356769b_ITS2_ASV656
S	9	289	*	*	*	*	*	PRJNA356769b_ITS2_ASV228	*
H	4	289	99.0	+	0	0	87MI160MI18MI24M	PRJNA356769b_ITS2_ASV306	PRJNA356769b_ITS2_ASV389
H	4	289	99.0	+	0	0	268M3I21M	PRJNA356769b_ITS2_ASV566	PRJNA356769b_ITS2_ASV389
H	4	289	99.0	+	0	0	87MI181M2I21M	PRJNA356769b_ITS2_ASV779	PRJNA356769b_ITS2_ASV389
H	6	289	98.6	+	0	0	279MI10M	PRJNA356769b_ITS2_ASV860	PRJNA356769b_ITS2_ASV33
H	8	288	99.3	+	0	0	247MI30MI11M	PRJNA356769b_ITS2_ASV274	PRJNA356769b_ITS2_ASV656
H	7	288	99.0	+	0	0	270M2I18M	PRJNA356769b_ITS2_ASV277	PRJNA356769b_ITS2_ASV624
H	8	288	99.0	+	0	0	247MI30MI11M	PRJNA356769b_ITS2_ASV294	PRJNA356769b_ITS2_ASV656
H	4	288	98.6	+	0	0	268M4I20M	PRJNA356769b_ITS2_ASV300	PRJNA356769b_ITS2_ASV389
H	7	288	99.0	+	0	0	247MI22MI19M	PRJNA356769b_ITS2_ASV366	PRJNA356769b_ITS2_ASV624
H	7	288	98.6	+	0	0	247MI22MI19M	PRJNA356769b_ITS2_ASV562	PRJNA356769b_ITS2_ASV624
H	4	288	98.6	+	0	0	87MI160MI19M2I22M	PRJNA356769b_ITS2_ASV6	PRJNA356769b_ITS2_ASV389
S	10	284	*	*	*	*	*	PRJNA356769b_ITS2_ASV488	*
S	11	284	*	*	*	*	*	PRJNA356769b_ITS2_ASV578	*
S	12	282	*	*	*	*	*	PRJNA356769b_ITS2_ASV641	*
S	13	281	*	*	*	*	*	PRJNA356769b_ITS2_ASV718	*
S	14	281	*	*	*	*	*	PRJNA356769b_ITS2_ASV877	*
S	15	280	*	*	*	*	*	PRJNA356769b_ITS2_ASV615	*
H	14	280	98.9	+	0	0	76M2I191MD12M	PRJNA356769b_ITS2_ASV649	PRJNA356769b_ITS2_ASV877
S	16	280	*	*	*	*	*	PRJNA356769b_ITS2_ASV894	*
H	14	279	99.3	+	0	0	76M2I203M	PRJNA356769b_ITS2_ASV251	PRJNA356769b_ITS2_ASV877
H	13	279	99.3	+	0	0	27M2I252M	PRJNA356769b_ITS2_ASV255	PRJNA356769b_ITS2_ASV718
S	17	279	*	*	*	*	*	PRJNA356769b_ITS2_ASV384	*
H	14	279	98.9	+	0	0	76M2I203M	PRJNA356769b_ITS2_ASV538	PRJNA356769b_ITS2_ASV877
H	15	279	98.9	+	0	0	261MI18M	PRJNA356769b_ITS2_ASV741	PRJNA356769b_ITS2_ASV615
H	17	278	99.3	+	0	0	145MI133M	PRJNA356769b_ITS2_ASV712	PRJNA356769b_ITS2_ASV384
H	17	278	99.6	+	0	0	252MI26M	PRJNA356769b_ITS2_ASV780	PRJNA356769b_ITS2_ASV384
H	14	277	98.6	+	0	0	27M2I47M2I203M	PRJNA356769b_ITS2_ASV403	PRJNA356769b_ITS2_ASV877
S	18	277	*	*	*	*	*	PRJNA356769b_ITS2_ASV695	*
S	19	276	*	*	*	*	*	PRJNA356769b_ITS2_ASV450	*
S	20	276	*	*	*	*	*	PRJNA356769b_ITS2_ASV948	*
S	21	275	*	*	*	*	*	PRJNA356769b_ITS2_ASV266	*
H	21	275	99.3	+	0	0	43MD119MI112M	PRJNA356769b_ITS2_ASV392	PRJNA356769b_ITS2_ASV266
H	21	274	99.3	+	0	0	162MI112M	PRJNA356769b_ITS2_ASV1007	PRJNA356769b_ITS2_ASV266
H	21	274	98.5	+	0	0	162MI112M	PRJNA356769b_ITS2_ASV139	PRJNA356769b_ITS2_ASV266
H	21	274	99.3	+	0	0	162MI112M	PRJNA356769b_ITS2_ASV2	PRJNA356769b_ITS2_ASV266
H	21	274	98.9	+	0	0	162MI112M	PRJNA356769b_ITS2_ASV247	PRJNA356769b_ITS2_ASV266
H	21	274	98.9	+	0	0	162MI112M	PRJNA356769b_ITS2_ASV252	PRJNA356769b_ITS2_ASV266
H	21	274	98.9	+	0	0	162MI112M	PRJNA356769b_ITS2_ASV309	PRJNA356769b_ITS2_ASV266
H	21	274	99.3	+	0	0	162MI112M	PRJNA356769b_ITS2_ASV326	PRJNA356769b_ITS2_ASV266
H	21	274	98.9	+	0	0	162MI112M	PRJNA356769b_ITS2_ASV381	PRJNA356769b_ITS2_ASV266
H	21	274	99.3	+	0	0	162MI112M	PRJNA356769b_ITS2_ASV407	PRJNA356769b_ITS2_ASV266
H	21	274	99.3	+	0	0	162MI112M	PRJNA356769b_ITS2_ASV580	PRJNA356769b_ITS2_ASV266
H	21	274	98.9	+	0	0	162MI112M	PRJNA356769b_ITS2_ASV710	PRJNA356769b_ITS2_ASV266
H	21	274	99.6	+	0	0	162MI112M	PRJNA356769b_ITS2_ASV86	PRJNA356769b_ITS2_ASV266
H	21	274	99.3	+	0	0	162MI112M	PRJNA356769b_ITS2_ASV93	PRJNA356769b_ITS2_ASV266
H	21	274	99.3	+	0	0	162MI112M	PRJNA356769b_ITS2_ASV941	PRJNA356769b_ITS2_ASV266
H	21	273	99.3	+	0	0	110MI51MI112M	PRJNA356769b_ITS2_ASV286	PRJNA356769b_ITS2_ASV266
H	21	273	99.3	+	0	0	254M2I19M	PRJNA356769b_ITS2_ASV332	PRJNA356769b_ITS2_ASV266
S	22	272	*	*	*	*	*	PRJNA356769b_ITS2_ASV290	*
H	22	272	99.6	+	0	0	272M	PRJNA356769b_ITS2_ASV555	PRJNA356769b_ITS2_ASV290
S	23	271	*	*	*	*	*	PRJNA356769b_ITS2_ASV237	*
S	24	263	*	*	*	*	*	PRJNA356769b_ITS2_ASV245	*
H	24	263	99.2	+	0	0	263M	PRJNA356769b_ITS2_ASV524	PRJNA356769b_ITS2_ASV245
H	24	263	99.6	+	0	0	263M	PRJNA356769b_ITS2_ASV920	PRJNA356769b_ITS2_ASV245
H	24	263	99.6	+	0	0	263M	PRJNA356769b_ITS2_ASV961	PRJNA356769b_ITS2_ASV245
S	25	257	*	*	*	*	*	PRJNA356769b_ITS2_ASV1009	*
S	26	254	*	*	*	*	*	PRJNA356769b_ITS2_ASV388	*
S	27	253	*	*	*	*	*	PRJNA356769b_ITS2_ASV883	*
S	28	252	*	*	*	*	*	PRJNA356769b_ITS2_ASV234	*
H	28	252	99.6	+	0	0	252M	PRJNA356769b_ITS2_ASV348	PRJNA356769b_ITS2_ASV234
S	29	252	*	*	*	*	*	PRJNA356769b_ITS2_ASV899	*
S	30	251	*	*	*	*	*	PRJNA356769b_ITS2_ASV68	*
S	31	250	*	*	*	*	*	PRJNA356769b_ITS2_ASV640	*
S	32	249	*	*	*	*	*	PRJNA356769b_ITS2_ASV365	*
S	33	248	*	*	*	*	*	PRJNA356769b_ITS2_ASV188	*
S	34	248	*	*	*	*	*	PRJNA356769b_ITS2_ASV191	*
S	35	248	*	*	*	*	*	PRJNA356769b_ITS2_ASV240	*
S	36	248	*	*	*	*	*	PRJNA356769b_ITS2_ASV248	*
S	37	248	*	*	*	*	*	PRJNA356769b_ITS2_ASV325	*
S	38	248	*	*	*	*	*	PRJNA356769b_ITS2_ASV417	*
H	37	248	98.8	+	0	0	248M	PRJNA356769b_ITS2_ASV504	PRJNA356769b_ITS2_ASV325
H	35	248	99.2	+	0	0	248M	PRJNA356769b_ITS2_ASV53	PRJNA356769b_ITS2_ASV240
H	35	248	99.2	+	0	0	248M	PRJNA356769b_ITS2_ASV589	PRJNA356769b_ITS2_ASV240
S	39	248	*	*	*	*	*	PRJNA356769b_ITS2_ASV622	*
H	35	248	98.8	+	0	0	248M	PRJNA356769b_ITS2_ASV75	PRJNA356769b_ITS2_ASV240
S	40	248	*	*	*	*	*	PRJNA356769b_ITS2_ASV772	*
S	41	248	*	*	*	*	*	PRJNA356769b_ITS2_ASV812	*
H	33	248	99.6	+	0	0	248M	PRJNA356769b_ITS2_ASV952	PRJNA356769b_ITS2_ASV188
H	35	248	98.8	+	0	0	248M	PRJNA356769b_ITS2_ASV993	PRJNA356769b_ITS2_ASV240
S	42	247	*	*	*	*	*	PRJNA356769b_ITS2_ASV337	*
S	43	246	*	*	*	*	*	PRJNA356769b_ITS2_ASV732	*
S	44	244	*	*	*	*	*	PRJNA356769b_ITS2_ASV171	*
S	45	244	*	*	*	*	*	PRJNA356769b_ITS2_ASV218	*
H	45	244	98.8	+	0	0	244M	PRJNA356769b_ITS2_ASV30	PRJNA356769b_ITS2_ASV218
S	46	244	*	*	*	*	*	PRJNA356769b_ITS2_ASV463	*
S	47	244	*	*	*	*	*	PRJNA356769b_ITS2_ASV54	*
S	48	244	*	*	*	*	*	PRJNA356769b_ITS2_ASV617	*
S	49	244	*	*	*	*	*	PRJNA356769b_ITS2_ASV668	*
H	48	244	98.8	+	0	0	244M	PRJNA356769b_ITS2_ASV693	PRJNA356769b_ITS2_ASV617
H	48	244	99.2	+	0	0	244M	PRJNA356769b_ITS2_ASV834	PRJNA356769b_ITS2_ASV617
S	50	242	*	*	*	*	*	PRJNA356769b_ITS2_ASV244	*
S	51	242	*	*	*	*	*	PRJNA356769b_ITS2_ASV556	*
H	50	242	99.6	+	0	0	242M	PRJNA356769b_ITS2_ASV880	PRJNA356769b_ITS2_ASV244
S	52	241	*	*	*	*	*	PRJNA356769b_ITS2_ASV1001	*
S	53	241	*	*	*	*	*	PRJNA356769b_ITS2_ASV352	*
S	54	241	*	*	*	*	*	PRJNA356769b_ITS2_ASV525	*
S	55	241	*	*	*	*	*	PRJNA356769b_ITS2_ASV59	*
S	56	241	*	*	*	*	*	PRJNA356769b_ITS2_ASV646	*
H	56	241	99.6	+	0	0	241M	PRJNA356769b_ITS2_ASV715	PRJNA356769b_ITS2_ASV646
H	54	241	99.6	+	0	0	241M	PRJNA356769b_ITS2_ASV862	PRJNA356769b_ITS2_ASV525
H	56	241	99.2	+	0	0	241M	PRJNA356769b_ITS2_ASV915	PRJNA356769b_ITS2_ASV646
H	56	241	98.8	+	0	0	241M	PRJNA356769b_ITS2_ASV931	PRJNA356769b_ITS2_ASV646
H	56	241	99.2	+	0	0	241M	PRJNA356769b_ITS2_ASV971	PRJNA356769b_ITS2_ASV646
S	57	241	*	*	*	*	*	PRJNA356769b_ITS2_ASV979	*
S	58	240	*	*	*	*	*	PRJNA356769b_ITS2_ASV1000	*
H	58	240	99.2	+	0	0	240M	PRJNA356769b_ITS2_ASV195	PRJNA356769b_ITS2_ASV1000
S	59	240	*	*	*	*	*	PRJNA356769b_ITS2_ASV393	*
S	60	240	*	*	*	*	*	PRJNA356769b_ITS2_ASV565	*
H	59	240	99.6	+	0	0	240M	PRJNA356769b_ITS2_ASV773	PRJNA356769b_ITS2_ASV393
H	59	239	98.8	+	0	0	56MI183M	PRJNA356769b_ITS2_ASV364	PRJNA356769b_ITS2_ASV393
S	61	239	*	*	*	*	*	PRJNA356769b_ITS2_ASV492	*
S	62	239	*	*	*	*	*	PRJNA356769b_ITS2_ASV613	*
S	63	239	*	*	*	*	*	PRJNA356769b_ITS2_ASV853	*
S	64	238	*	*	*	*	*	PRJNA356769b_ITS2_ASV329	*
S	65	237	*	*	*	*	*	PRJNA356769b_ITS2_ASV349	*
S	66	236	*	*	*	*	*	PRJNA356769b_ITS2_ASV224	*
H	66	236	99.6	+	0	0	236M	PRJNA356769b_ITS2_ASV444	PRJNA356769b_ITS2_ASV224
H	66	236	98.7	+	0	0	236M	PRJNA356769b_ITS2_ASV8	PRJNA356769b_ITS2_ASV224
S	67	235	*	*	*	*	*	PRJNA356769b_ITS2_ASV161	*
S	68	235	*	*	*	*	*	PRJNA356769b_ITS2_ASV209	*
S	69	234	*	*	*	*	*	PRJNA356769b_ITS2_ASV111	*
H	69	234	99.1	+	0	0	77MD87MI69M	PRJNA356769b_ITS2_ASV127	PRJNA356769b_ITS2_ASV111
S	70	234	*	*	*	*	*	PRJNA356769b_ITS2_ASV876	*
S	71	234	*	*	*	*	*	PRJNA356769b_ITS2_ASV892	*
H	69	233	99.6	+	0	0	164MI69M	PRJNA356769b_ITS2_ASV1	PRJNA356769b_ITS2_ASV111
H	71	233	99.6	+	0	0	77MI156M	PRJNA356769b_ITS2_ASV115	PRJNA356769b_ITS2_ASV892
H	69	233	99.1	+	0	0	164MI69M	PRJNA356769b_ITS2_ASV177	PRJNA356769b_ITS2_ASV111
H	69	233	99.1	+	0	0	164MI69M	PRJNA356769b_ITS2_ASV359	PRJNA356769b_ITS2_ASV111
H	69	233	99.1	+	0	0	164MI69M	PRJNA356769b_ITS2_ASV387	PRJNA356769b_ITS2_ASV111
H	69	233	99.1	+	0	0	164MI69M	PRJNA356769b_ITS2_ASV465	PRJNA356769b_ITS2_ASV111
S	72	233	*	*	*	*	*	PRJNA356769b_ITS2_ASV621	*
S	73	233	*	*	*	*	*	PRJNA356769b_ITS2_ASV63	*
H	71	233	99.1	+	0	0	77MI156M	PRJNA356769b_ITS2_ASV706	PRJNA356769b_ITS2_ASV892
H	73	233	99.6	+	0	0	233M	PRJNA356769b_ITS2_ASV719	PRJNA356769b_ITS2_ASV63
S	74	233	*	*	*	*	*	PRJNA356769b_ITS2_ASV80	*
H	69	233	99.1	+	0	0	164MI69M	PRJNA356769b_ITS2_ASV825	PRJNA356769b_ITS2_ASV111
S	75	233	*	*	*	*	*	PRJNA356769b_ITS2_ASV869	*
H	69	232	99.1	+	0	0	77M2I155M	PRJNA356769b_ITS2_ASV103	PRJNA356769b_ITS2_ASV111
H	69	232	99.1	+	0	0	77MI86MI69M	PRJNA356769b_ITS2_ASV126	PRJNA356769b_ITS2_ASV111
S	76	232	*	*	*	*	*	PRJNA356769b_ITS2_ASV15	*
H	70	232	99.1	+	0	0	17MI157MI58M	PRJNA356769b_ITS2_ASV264	PRJNA356769b_ITS2_ASV876
H	70	232	98.7	+	0	0	17MI157MI58M	PRJNA356769b_ITS2_ASV974	PRJNA356769b_ITS2_ASV876
S	77	231	*	*	*	*	*	PRJNA356769b_ITS2_ASV317	*
H	77	231	99.6	+	0	0	231M	PRJNA356769b_ITS2_ASV330	PRJNA356769b_ITS2_ASV317
S	78	231	*	*	*	*	*	PRJNA356769b_ITS2_ASV532	*
S	79	231	*	*	*	*	*	PRJNA356769b_ITS2_ASV752	*
H	69	231	98.7	+	0	0	77M2I85MI69M	PRJNA356769b_ITS2_ASV897	PRJNA356769b_ITS2_ASV111
S	80	230	*	*	*	*	*	PRJNA356769b_ITS2_ASV227	*
S	81	230	*	*	*	*	*	PRJNA356769b_ITS2_ASV514	*
S	82	230	*	*	*	*	*	PRJNA356769b_ITS2_ASV946	*
S	83	230	*	*	*	*	*	PRJNA356769b_ITS2_ASV960	*
S	84	229	*	*	*	*	*	PRJNA356769b_ITS2_ASV149	*
H	84	229	99.6	+	0	0	229M	PRJNA356769b_ITS2_ASV150	PRJNA356769b_ITS2_ASV149
H	84	229	99.1	+	0	0	229M	PRJNA356769b_ITS2_ASV178	PRJNA356769b_ITS2_ASV149
H	84	229	99.6	+	0	0	229M	PRJNA356769b_ITS2_ASV263	PRJNA356769b_ITS2_ASV149
H	84	229	99.6	+	0	0	229M	PRJNA356769b_ITS2_ASV454	PRJNA356769b_ITS2_ASV149
H	84	229	99.6	+	0	0	229M	PRJNA356769b_ITS2_ASV590	PRJNA356769b_ITS2_ASV149
H	84	229	98.7	+	0	0	229M	PRJNA356769b_ITS2_ASV623	PRJNA356769b_ITS2_ASV149
H	84	229	99.6	+	0	0	229M	PRJNA356769b_ITS2_ASV789	PRJNA356769b_ITS2_ASV149
H	84	229	99.6	+	0	0	229M	PRJNA356769b_ITS2_ASV793	PRJNA356769b_ITS2_ASV149
S	85	229	*	*	*	*	*	PRJNA356769b_ITS2_ASV836	*
H	84	229	99.1	+	0	0	229M	PRJNA356769b_ITS2_ASV850	PRJNA356769b_ITS2_ASV149
H	84	229	99.6	+	0	0	229M	PRJNA356769b_ITS2_ASV872	PRJNA356769b_ITS2_ASV149
S	86	228	*	*	*	*	*	PRJNA356769b_ITS2_ASV148	*
H	86	228	99.6	+	0	0	228M	PRJNA356769b_ITS2_ASV36	PRJNA356769b_ITS2_ASV148
H	86	228	99.1	+	0	0	228M	PRJNA356769b_ITS2_ASV386	PRJNA356769b_ITS2_ASV148
H	80	228	99.6	+	0	0	2I228M	PRJNA356769b_ITS2_ASV52	PRJNA356769b_ITS2_ASV227
H	86	228	99.1	+	0	0	228M	PRJNA356769b_ITS2_ASV756	PRJNA356769b_ITS2_ASV148
H	80	228	99.1	+	0	0	2I228M	PRJNA356769b_ITS2_ASV848	PRJNA356769b_ITS2_ASV227
H	86	228	99.1	+	0	0	228M	PRJNA356769b_ITS2_ASV879	PRJNA356769b_ITS2_ASV148
H	86	228	99.1	+	0	0	228M	PRJNA356769b_ITS2_ASV895	PRJNA356769b_ITS2_ASV148
H	86	228	98.7	+	0	0	228M	PRJNA356769b_ITS2_ASV918	PRJNA356769b_ITS2_ASV148
H	80	228	99.1	+	0	0	2I228M	PRJNA356769b_ITS2_ASV986	PRJNA356769b_ITS2_ASV227
S	87	227	*	*	*	*	*	PRJNA356769b_ITS2_ASV311	*
S	88	227	*	*	*	*	*	PRJNA356769b_ITS2_ASV456	*
H	88	227	99.1	+	0	0	227M	PRJNA356769b_ITS2_ASV616	PRJNA356769b_ITS2_ASV456
S	89	227	*	*	*	*	*	PRJNA356769b_ITS2_ASV821	*
S	90	226	*	*	*	*	*	PRJNA356769b_ITS2_ASV206	*
H	89	226	98.7	+	0	0	7MI219M	PRJNA356769b_ITS2_ASV23	PRJNA356769b_ITS2_ASV821
S	91	226	*	*	*	*	*	PRJNA356769b_ITS2_ASV369	*
S	92	226	*	*	*	*	*	PRJNA356769b_ITS2_ASV373	*
S	93	226	*	*	*	*	*	PRJNA356769b_ITS2_ASV428	*
S	94	226	*	*	*	*	*	PRJNA356769b_ITS2_ASV517	*
H	92	226	99.6	+	0	0	226M	PRJNA356769b_ITS2_ASV608	PRJNA356769b_ITS2_ASV373
H	94	226	98.7	+	0	0	226M	PRJNA356769b_ITS2_ASV642	PRJNA356769b_ITS2_ASV517
H	92	226	99.1	+	0	0	226M	PRJNA356769b_ITS2_ASV650	PRJNA356769b_ITS2_ASV373
H	92	226	99.6	+	0	0	226M	PRJNA356769b_ITS2_ASV846	PRJNA356769b_ITS2_ASV373
H	94	226	99.6	+	0	0	226M	PRJNA356769b_ITS2_ASV849	PRJNA356769b_ITS2_ASV517
H	91	226	99.1	+	0	0	226M	PRJNA356769b_ITS2_ASV90	PRJNA356769b_ITS2_ASV369
S	95	226	*	*	*	*	*	PRJNA356769b_ITS2_ASV983	*
H	89	226	98.7	+	0	0	7MI219M	PRJNA356769b_ITS2_ASV996	PRJNA356769b_ITS2_ASV821
H	94	226	99.1	+	0	0	226M	PRJNA356769b_ITS2_ASV998	PRJNA356769b_ITS2_ASV517
S	96	225	*	*	*	*	*	PRJNA356769b_ITS2_ASV1008	*
S	97	225	*	*	*	*	*	PRJNA356769b_ITS2_ASV362	*
H	97	225	99.6	+	0	0	225M	PRJNA356769b_ITS2_ASV597	PRJNA356769b_ITS2_ASV362
H	97	225	99.6	+	0	0	225M	PRJNA356769b_ITS2_ASV765	PRJNA356769b_ITS2_ASV362
S	98	225	*	*	*	*	*	PRJNA356769b_ITS2_ASV842	*
S	99	225	*	*	*	*	*	PRJNA356769b_ITS2_ASV939	*
S	100	225	*	*	*	*	*	PRJNA356769b_ITS2_ASV977	*
S	101	224	*	*	*	*	*	PRJNA356769b_ITS2_ASV102	*
S	102	224	*	*	*	*	*	PRJNA356769b_ITS2_ASV109	*
H	102	224	99.6	+	0	0	224M	PRJNA356769b_ITS2_ASV17	PRJNA356769b_ITS2_ASV109
H	102	224	99.6	+	0	0	224M	PRJNA356769b_ITS2_ASV502	PRJNA356769b_ITS2_ASV109
H	102	224	98.7	+	0	0	224M	PRJNA356769b_ITS2_ASV51	PRJNA356769b_ITS2_ASV109
H	102	224	99.6	+	0	0	224M	PRJNA356769b_ITS2_ASV636	PRJNA356769b_ITS2_ASV109
S	103	224	*	*	*	*	*	PRJNA356769b_ITS2_ASV792	*
S	104	224	*	*	*	*	*	PRJNA356769b_ITS2_ASV835	*
S	105	224	*	*	*	*	*	PRJNA356769b_ITS2_ASV870	*
S	106	224	*	*	*	*	*	PRJNA356769b_ITS2_ASV874	*
S	107	223	*	*	*	*	*	PRJNA356769b_ITS2_ASV18	*
S	108	223	*	*	*	*	*	PRJNA356769b_ITS2_ASV192	*
S	109	223	*	*	*	*	*	PRJNA356769b_ITS2_ASV436	*
H	109	223	99.6	+	0	0	223M	PRJNA356769b_ITS2_ASV446	PRJNA356769b_ITS2_ASV436
H	109	223	98.7	+	0	0	223M	PRJNA356769b_ITS2_ASV46	PRJNA356769b_ITS2_ASV436
S	110	223	*	*	*	*	*	PRJNA356769b_ITS2_ASV543	*
H	109	223	99.1	+	0	0	223M	PRJNA356769b_ITS2_ASV703	PRJNA356769b_ITS2_ASV436
H	109	223	99.1	+	0	0	223M	PRJNA356769b_ITS2_ASV764	PRJNA356769b_ITS2_ASV436
S	111	223	*	*	*	*	*	PRJNA356769b_ITS2_ASV833	*
H	111	223	98.7	+	0	0	223M	PRJNA356769b_ITS2_ASV871	PRJNA356769b_ITS2_ASV833
S	112	222	*	*	*	*	*	PRJNA356769b_ITS2_ASV152	*
H	112	222	99.5	+	0	0	222M	PRJNA356769b_ITS2_ASV246	PRJNA356769b_ITS2_ASV152
S	113	222	*	*	*	*	*	PRJNA356769b_ITS2_ASV31	*
S	114	222	*	*	*	*	*	PRJNA356769b_ITS2_ASV429	*
H	112	222	99.5	+	0	0	222M	PRJNA356769b_ITS2_ASV787	PRJNA356769b_ITS2_ASV152
S	115	222	*	*	*	*	*	PRJNA356769b_ITS2_ASV798	*
H	112	222	99.5	+	0	0	222M	PRJNA356769b_ITS2_ASV829	PRJNA356769b_ITS2_ASV152
H	115	222	99.5	+	0	0	222M	PRJNA356769b_ITS2_ASV843	PRJNA356769b_ITS2_ASV798
H	112	222	99.5	+	0	0	222M	PRJNA356769b_ITS2_ASV988	PRJNA356769b_ITS2_ASV152
S	116	221	*	*	*	*	*	PRJNA356769b_ITS2_ASV104	*
S	117	221	*	*	*	*	*	PRJNA356769b_ITS2_ASV185	*
S	118	221	*	*	*	*	*	PRJNA356769b_ITS2_ASV199	*
H	117	221	99.5	+	0	0	221M	PRJNA356769b_ITS2_ASV241	PRJNA356769b_ITS2_ASV185
S	119	221	*	*	*	*	*	PRJNA356769b_ITS2_ASV412	*
S	120	221	*	*	*	*	*	PRJNA356769b_ITS2_ASV457	*
H	120	221	99.5	+	0	0	221M	PRJNA356769b_ITS2_ASV508	PRJNA356769b_ITS2_ASV457
S	121	221	*	*	*	*	*	PRJNA356769b_ITS2_ASV634	*
H	117	221	99.1	+	0	0	221M	PRJNA356769b_ITS2_ASV663	PRJNA356769b_ITS2_ASV185
S	122	221	*	*	*	*	*	PRJNA356769b_ITS2_ASV696	*
S	123	221	*	*	*	*	*	PRJNA356769b_ITS2_ASV754	*
S	124	221	*	*	*	*	*	PRJNA356769b_ITS2_ASV774	*
S	125	221	*	*	*	*	*	PRJNA356769b_ITS2_ASV801	*
H	117	221	99.1	+	0	0	221M	PRJNA356769b_ITS2_ASV856	PRJNA356769b_ITS2_ASV185
S	126	221	*	*	*	*	*	PRJNA356769b_ITS2_ASV902	*
S	127	220	*	*	*	*	*	PRJNA356769b_ITS2_ASV1003	*
S	128	220	*	*	*	*	*	PRJNA356769b_ITS2_ASV1011	*
S	129	220	*	*	*	*	*	PRJNA356769b_ITS2_ASV347	*
S	130	220	*	*	*	*	*	PRJNA356769b_ITS2_ASV361	*
S	131	220	*	*	*	*	*	PRJNA356769b_ITS2_ASV487	*
S	132	220	*	*	*	*	*	PRJNA356769b_ITS2_ASV547	*
H	115	220	98.6	+	0	0	9MI22MI189M	PRJNA356769b_ITS2_ASV684	PRJNA356769b_ITS2_ASV798
S	133	220	*	*	*	*	*	PRJNA356769b_ITS2_ASV689	*
H	127	220	99.5	+	0	0	220M	PRJNA356769b_ITS2_ASV824	PRJNA356769b_ITS2_ASV1003
S	134	219	*	*	*	*	*	PRJNA356769b_ITS2_ASV136	*
S	135	219	*	*	*	*	*	PRJNA356769b_ITS2_ASV3	*
S	136	219	*	*	*	*	*	PRJNA356769b_ITS2_ASV471	*
S	137	219	*	*	*	*	*	PRJNA356769b_ITS2_ASV726	*
H	135	219	99.5	+	0	0	219M	PRJNA356769b_ITS2_ASV777	PRJNA356769b_ITS2_ASV3
S	138	218	*	*	*	*	*	PRJNA356769b_ITS2_ASV414	*
S	139	218	*	*	*	*	*	PRJNA356769b_ITS2_ASV576	*
H	138	218	99.5	+	0	0	218M	PRJNA356769b_ITS2_ASV660	PRJNA356769b_ITS2_ASV414
S	140	218	*	*	*	*	*	PRJNA356769b_ITS2_ASV694	*
S	141	217	*	*	*	*	*	PRJNA356769b_ITS2_ASV106	*
S	142	217	*	*	*	*	*	PRJNA356769b_ITS2_ASV223	*
H	141	217	99.1	+	0	0	217M	PRJNA356769b_ITS2_ASV302	PRJNA356769b_ITS2_ASV106
S	143	217	*	*	*	*	*	PRJNA356769b_ITS2_ASV354	*
S	144	217	*	*	*	*	*	PRJNA356769b_ITS2_ASV485	*
H	141	217	99.5	+	0	0	217M	PRJNA356769b_ITS2_ASV533	PRJNA356769b_ITS2_ASV106
S	145	217	*	*	*	*	*	PRJNA356769b_ITS2_ASV750	*
S	146	217	*	*	*	*	*	PRJNA356769b_ITS2_ASV758	*
S	147	216	*	*	*	*	*	PRJNA356769b_ITS2_ASV117	*
S	148	216	*	*	*	*	*	PRJNA356769b_ITS2_ASV133	*
S	149	216	*	*	*	*	*	PRJNA356769b_ITS2_ASV134	*
S	150	216	*	*	*	*	*	PRJNA356769b_ITS2_ASV153	*
S	151	216	*	*	*	*	*	PRJNA356769b_ITS2_ASV180	*
H	144	216	99.5	+	0	0	203MI13M	PRJNA356769b_ITS2_ASV418	PRJNA356769b_ITS2_ASV485
S	152	216	*	*	*	*	*	PRJNA356769b_ITS2_ASV669	*
S	153	216	*	*	*	*	*	PRJNA356769b_ITS2_ASV692	*
S	154	216	*	*	*	*	*	PRJNA356769b_ITS2_ASV813	*
S	155	216	*	*	*	*	*	PRJNA356769b_ITS2_ASV828	*
S	156	216	*	*	*	*	*	PRJNA356769b_ITS2_ASV954	*
S	157	215	*	*	*	*	*	PRJNA356769b_ITS2_ASV157	*
S	158	215	*	*	*	*	*	PRJNA356769b_ITS2_ASV168	*
S	159	215	*	*	*	*	*	PRJNA356769b_ITS2_ASV182	*
H	157	215	99.5	+	0	0	215M	PRJNA356769b_ITS2_ASV186	PRJNA356769b_ITS2_ASV157
H	159	215	99.5	+	0	0	215M	PRJNA356769b_ITS2_ASV27	PRJNA356769b_ITS2_ASV182
H	159	215	98.6	+	0	0	215M	PRJNA356769b_ITS2_ASV281	PRJNA356769b_ITS2_ASV182
S	160	215	*	*	*	*	*	PRJNA356769b_ITS2_ASV50	*
S	161	215	*	*	*	*	*	PRJNA356769b_ITS2_ASV515	*
H	159	215	99.1	+	0	0	215M	PRJNA356769b_ITS2_ASV573	PRJNA356769b_ITS2_ASV182
H	157	215	99.5	+	0	0	215M	PRJNA356769b_ITS2_ASV58	PRJNA356769b_ITS2_ASV157
S	162	215	*	*	*	*	*	PRJNA356769b_ITS2_ASV716	*
S	163	215	*	*	*	*	*	PRJNA356769b_ITS2_ASV757	*
S	164	215	*	*	*	*	*	PRJNA356769b_ITS2_ASV784	*
H	162	215	98.6	+	0	0	215M	PRJNA356769b_ITS2_ASV891	PRJNA356769b_ITS2_ASV716
H	159	215	99.5	+	0	0	215M	PRJNA356769b_ITS2_ASV906	PRJNA356769b_ITS2_ASV182
H	159	215	99.1	+	0	0	215M	PRJNA356769b_ITS2_ASV958	PRJNA356769b_ITS2_ASV182
S	165	214	*	*	*	*	*	PRJNA356769b_ITS2_ASV121	*
H	165	214	99.1	+	0	0	214M	PRJNA356769b_ITS2_ASV159	PRJNA356769b_ITS2_ASV121
S	166	214	*	*	*	*	*	PRJNA356769b_ITS2_ASV167	*
S	167	214	*	*	*	*	*	PRJNA356769b_ITS2_ASV316	*
S	168	214	*	*	*	*	*	PRJNA356769b_ITS2_ASV413	*
S	169	214	*	*	*	*	*	PRJNA356769b_ITS2_ASV423	*
H	165	214	99.5	+	0	0	214M	PRJNA356769b_ITS2_ASV771	PRJNA356769b_ITS2_ASV121
S	170	214	*	*	*	*	*	PRJNA356769b_ITS2_ASV839	*
S	171	214	*	*	*	*	*	PRJNA356769b_ITS2_ASV89	*
S	172	213	*	*	*	*	*	PRJNA356769b_ITS2_ASV342	*
S	173	213	*	*	*	*	*	PRJNA356769b_ITS2_ASV460	*
H	173	213	99.5	+	0	0	213M	PRJNA356769b_ITS2_ASV480	PRJNA356769b_ITS2_ASV460
S	174	213	*	*	*	*	*	PRJNA356769b_ITS2_ASV671	*
S	175	213	*	*	*	*	*	PRJNA356769b_ITS2_ASV857	*
S	176	213	*	*	*	*	*	PRJNA356769b_ITS2_ASV925	*
S	177	212	*	*	*	*	*	PRJNA356769b_ITS2_ASV197	*
S	178	212	*	*	*	*	*	PRJNA356769b_ITS2_ASV298	*
S	179	212	*	*	*	*	*	PRJNA356769b_ITS2_ASV509	*
S	180	212	*	*	*	*	*	PRJNA356769b_ITS2_ASV653	*
S	181	212	*	*	*	*	*	PRJNA356769b_ITS2_ASV942	*
S	182	211	*	*	*	*	*	PRJNA356769b_ITS2_ASV205	*
S	183	211	*	*	*	*	*	PRJNA356769b_ITS2_ASV301	*
S	184	211	*	*	*	*	*	PRJNA356769b_ITS2_ASV321	*
S	185	211	*	*	*	*	*	PRJNA356769b_ITS2_ASV35	*
S	186	211	*	*	*	*	*	PRJNA356769b_ITS2_ASV442	*
S	187	211	*	*	*	*	*	PRJNA356769b_ITS2_ASV49	*
S	188	211	*	*	*	*	*	PRJNA356769b_ITS2_ASV513	*
S	189	211	*	*	*	*	*	PRJNA356769b_ITS2_ASV540	*
H	186	211	99.5	+	0	0	211M	PRJNA356769b_ITS2_ASV632	PRJNA356769b_ITS2_ASV442
H	183	211	99.5	+	0	0	211M	PRJNA356769b_ITS2_ASV778	PRJNA356769b_ITS2_ASV301
S	190	211	*	*	*	*	*	PRJNA356769b_ITS2_ASV794	*
H	189	211	99.1	+	0	0	211M	PRJNA356769b_ITS2_ASV814	PRJNA356769b_ITS2_ASV540
S	191	211	*	*	*	*	*	PRJNA356769b_ITS2_ASV9	*
H	182	211	99.5	+	0	0	211M	PRJNA356769b_ITS2_ASV919	PRJNA356769b_ITS2_ASV205
H	184	211	98.6	+	0	0	211M	PRJNA356769b_ITS2_ASV932	PRJNA356769b_ITS2_ASV321
H	190	211	99.5	+	0	0	211M	PRJNA356769b_ITS2_ASV940	PRJNA356769b_ITS2_ASV794
S	192	210	*	*	*	*	*	PRJNA356769b_ITS2_ASV353	*
S	193	210	*	*	*	*	*	PRJNA356769b_ITS2_ASV368	*
S	194	210	*	*	*	*	*	PRJNA356769b_ITS2_ASV374	*
S	195	210	*	*	*	*	*	PRJNA356769b_ITS2_ASV397	*
S	196	210	*	*	*	*	*	PRJNA356769b_ITS2_ASV422	*
S	197	210	*	*	*	*	*	PRJNA356769b_ITS2_ASV611	*
S	198	210	*	*	*	*	*	PRJNA356769b_ITS2_ASV619	*
H	186	210	99.1	+	0	0	14MI196M	PRJNA356769b_ITS2_ASV903	PRJNA356769b_ITS2_ASV442
S	199	210	*	*	*	*	*	PRJNA356769b_ITS2_ASV989	*
H	186	209	99.1	+	0	0	16MI38MI155M	PRJNA356769b_ITS2_ASV129	PRJNA356769b_ITS2_ASV442
S	200	209	*	*	*	*	*	PRJNA356769b_ITS2_ASV214	*
S	201	209	*	*	*	*	*	PRJNA356769b_ITS2_ASV275	*
S	202	209	*	*	*	*	*	PRJNA356769b_ITS2_ASV278	*
S	203	209	*	*	*	*	*	PRJNA356769b_ITS2_ASV553	*
S	204	209	*	*	*	*	*	PRJNA356769b_ITS2_ASV81	*
H	197	209	99.0	+	0	0	16MI193M	PRJNA356769b_ITS2_ASV851	PRJNA356769b_ITS2_ASV611
S	205	209	*	*	*	*	*	PRJNA356769b_ITS2_ASV893	*
S	206	209	*	*	*	*	*	PRJNA356769b_ITS2_ASV975	*
H	200	208	99.0	+	0	0	14MI194M	PRJNA356769b_ITS2_ASV13	PRJNA356769b_ITS2_ASV214
S	207	208	*	*	*	*	*	PRJNA356769b_ITS2_ASV145	*
S	208	208	*	*	*	*	*	PRJNA356769b_ITS2_ASV189	*
S	209	208	*	*	*	*	*	PRJNA356769b_ITS2_ASV584	*
H	207	208	98.6	+	0	0	208M	PRJNA356769b_ITS2_ASV670	PRJNA356769b_ITS2_ASV145
S	210	208	*	*	*	*	*	PRJNA356769b_ITS2_ASV673	*
S	211	208	*	*	*	*	*	PRJNA356769b_ITS2_ASV739	*
S	212	208	*	*	*	*	*	PRJNA356769b_ITS2_ASV749	*
S	213	208	*	*	*	*	*	PRJNA356769b_ITS2_ASV790	*
H	207	208	98.6	+	0	0	208M	PRJNA356769b_ITS2_ASV809	PRJNA356769b_ITS2_ASV145
H	207	208	99.0	+	0	0	208M	PRJNA356769b_ITS2_ASV864	PRJNA356769b_ITS2_ASV145
H	209	208	98.6	+	0	0	208M	PRJNA356769b_ITS2_ASV922	PRJNA356769b_ITS2_ASV584
H	207	208	98.6	+	0	0	208M	PRJNA356769b_ITS2_ASV926	PRJNA356769b_ITS2_ASV145
S	214	207	*	*	*	*	*	PRJNA356769b_ITS2_ASV101	*
H	210	207	99.0	+	0	0	18MI189M	PRJNA356769b_ITS2_ASV124	PRJNA356769b_ITS2_ASV673
H	210	207	99.5	+	0	0	18MI189M	PRJNA356769b_ITS2_ASV235	PRJNA356769b_ITS2_ASV673
S	215	207	*	*	*	*	*	PRJNA356769b_ITS2_ASV390	*
S	216	207	*	*	*	*	*	PRJNA356769b_ITS2_ASV408	*
S	217	207	*	*	*	*	*	PRJNA356769b_ITS2_ASV453	*
S	218	207	*	*	*	*	*	PRJNA356769b_ITS2_ASV520	*
H	216	207	99.0	+	0	0	207M	PRJNA356769b_ITS2_ASV557	PRJNA356769b_ITS2_ASV408
S	219	207	*	*	*	*	*	PRJNA356769b_ITS2_ASV603	*
S	220	207	*	*	*	*	*	PRJNA356769b_ITS2_ASV88	*
S	221	207	*	*	*	*	*	PRJNA356769b_ITS2_ASV951	*
S	222	206	*	*	*	*	*	PRJNA356769b_ITS2_ASV122	*
H	216	206	99.0	+	0	0	7MI199M	PRJNA356769b_ITS2_ASV141	PRJNA356769b_ITS2_ASV408
S	223	206	*	*	*	*	*	PRJNA356769b_ITS2_ASV208	*
S	224	206	*	*	*	*	*	PRJNA356769b_ITS2_ASV304	*
S	225	206	*	*	*	*	*	PRJNA356769b_ITS2_ASV479	*
H	224	206	98.5	+	0	0	206M	PRJNA356769b_ITS2_ASV544	PRJNA356769b_ITS2_ASV304
H	224	206	99.0	+	0	0	206M	PRJNA356769b_ITS2_ASV554	PRJNA356769b_ITS2_ASV304
S	226	206	*	*	*	*	*	PRJNA356769b_ITS2_ASV558	*
S	227	206	*	*	*	*	*	PRJNA356769b_ITS2_ASV707	*
S	228	206	*	*	*	*	*	PRJNA356769b_ITS2_ASV87	*
S	229	206	*	*	*	*	*	PRJNA356769b_ITS2_ASV907	*
S	230	206	*	*	*	*	*	PRJNA356769b_ITS2_ASV936	*
S	231	205	*	*	*	*	*	PRJNA356769b_ITS2_ASV169	*
S	232	205	*	*	*	*	*	PRJNA356769b_ITS2_ASV226	*
S	233	205	*	*	*	*	*	PRJNA356769b_ITS2_ASV24	*
H	232	205	98.5	+	0	0	205M	PRJNA356769b_ITS2_ASV28	PRJNA356769b_ITS2_ASV226
H	232	205	98.5	+	0	0	205M	PRJNA356769b_ITS2_ASV283	PRJNA356769b_ITS2_ASV226
S	234	205	*	*	*	*	*	PRJNA356769b_ITS2_ASV39	*
S	235	205	*	*	*	*	*	PRJNA356769b_ITS2_ASV394	*
S	236	205	*	*	*	*	*	PRJNA356769b_ITS2_ASV410	*
H	236	205	99.0	+	0	0	205M	PRJNA356769b_ITS2_ASV443	PRJNA356769b_ITS2_ASV410
H	236	205	99.5	+	0	0	205M	PRJNA356769b_ITS2_ASV510	PRJNA356769b_ITS2_ASV410
S	237	205	*	*	*	*	*	PRJNA356769b_ITS2_ASV530	*
H	231	205	99.5	+	0	0	205M	PRJNA356769b_ITS2_ASV542	PRJNA356769b_ITS2_ASV169
S	238	205	*	*	*	*	*	PRJNA356769b_ITS2_ASV55	*
S	239	205	*	*	*	*	*	PRJNA356769b_ITS2_ASV552	*
S	240	205	*	*	*	*	*	PRJNA356769b_ITS2_ASV628	*
S	241	205	*	*	*	*	*	PRJNA356769b_ITS2_ASV654	*
H	232	205	99.0	+	0	0	205M	PRJNA356769b_ITS2_ASV664	PRJNA356769b_ITS2_ASV226
H	222	205	99.5	+	0	0	153MI52M	PRJNA356769b_ITS2_ASV688	PRJNA356769b_ITS2_ASV122
H	232	205	99.5	+	0	0	205M	PRJNA356769b_ITS2_ASV69	PRJNA356769b_ITS2_ASV226
H	232	205	98.5	+	0	0	205M	PRJNA356769b_ITS2_ASV717	PRJNA356769b_ITS2_ASV226
S	242	205	*	*	*	*	*	PRJNA356769b_ITS2_ASV744	*
H	240	205	99.0	+	0	0	205M	PRJNA356769b_ITS2_ASV761	PRJNA356769b_ITS2_ASV628
S	243	205	*	*	*	*	*	PRJNA356769b_ITS2_ASV803	*
H	235	205	98.5	+	0	0	205M	PRJNA356769b_ITS2_ASV805	PRJNA356769b_ITS2_ASV394
S	244	205	*	*	*	*	*	PRJNA356769b_ITS2_ASV908	*
S	245	204	*	*	*	*	*	PRJNA356769b_ITS2_ASV21	*
S	246	204	*	*	*	*	*	PRJNA356769b_ITS2_ASV210	*
S	247	204	*	*	*	*	*	PRJNA356769b_ITS2_ASV220	*
S	248	204	*	*	*	*	*	PRJNA356769b_ITS2_ASV466	*
S	249	204	*	*	*	*	*	PRJNA356769b_ITS2_ASV676	*
S	250	204	*	*	*	*	*	PRJNA356769b_ITS2_ASV700	*
S	251	204	*	*	*	*	*	PRJNA356769b_ITS2_ASV720	*
S	252	204	*	*	*	*	*	PRJNA356769b_ITS2_ASV723	*
H	251	204	99.5	+	0	0	204M	PRJNA356769b_ITS2_ASV743	PRJNA356769b_ITS2_ASV720
S	253	204	*	*	*	*	*	PRJNA356769b_ITS2_ASV95	*
H	250	204	98.5	+	0	0	204M	PRJNA356769b_ITS2_ASV959	PRJNA356769b_ITS2_ASV700
S	254	204	*	*	*	*	*	PRJNA356769b_ITS2_ASV966	*
S	255	203	*	*	*	*	*	PRJNA356769b_ITS2_ASV138	*
S	256	203	*	*	*	*	*	PRJNA356769b_ITS2_ASV83	*
S	257	202	*	*	*	*	*	PRJNA356769b_ITS2_ASV229	*
S	258	202	*	*	*	*	*	PRJNA356769b_ITS2_ASV249	*
S	259	202	*	*	*	*	*	PRJNA356769b_ITS2_ASV441	*
S	260	202	*	*	*	*	*	PRJNA356769b_ITS2_ASV678	*
H	257	202	98.5	+	0	0	202M	PRJNA356769b_ITS2_ASV937	PRJNA356769b_ITS2_ASV229
S	261	201	*	*	*	*	*	PRJNA356769b_ITS2_ASV323	*
S	262	201	*	*	*	*	*	PRJNA356769b_ITS2_ASV451	*
H	259	201	98.5	+	0	0	19MI182M	PRJNA356769b_ITS2_ASV651	PRJNA356769b_ITS2_ASV441
S	263	200	*	*	*	*	*	PRJNA356769b_ITS2_ASV160	*
S	264	200	*	*	*	*	*	PRJNA356769b_ITS2_ASV943	*
S	265	200	*	*	*	*	*	PRJNA356769b_ITS2_ASV947	*
S	266	199	*	*	*	*	*	PRJNA356769b_ITS2_ASV183	*
S	267	199	*	*	*	*	*	PRJNA356769b_ITS2_ASV396	*
S	268	199	*	*	*	*	*	PRJNA356769b_ITS2_ASV452	*
H	267	199	99.5	+	0	0	199M	PRJNA356769b_ITS2_ASV823	PRJNA356769b_ITS2_ASV396
S	269	198	*	*	*	*	*	PRJNA356769b_ITS2_ASV425	*
S	270	198	*	*	*	*	*	PRJNA356769b_ITS2_ASV574	*
S	271	198	*	*	*	*	*	PRJNA356769b_ITS2_ASV748	*
S	272	198	*	*	*	*	*	PRJNA356769b_ITS2_ASV882	*
S	273	197	*	*	*	*	*	PRJNA356769b_ITS2_ASV645	*
S	274	196	*	*	*	*	*	PRJNA356769b_ITS2_ASV358	*
S	275	196	*	*	*	*	*	PRJNA356769b_ITS2_ASV380	*
S	276	196	*	*	*	*	*	PRJNA356769b_ITS2_ASV74	*
S	277	196	*	*	*	*	*	PRJNA356769b_ITS2_ASV740	*
S	278	195	*	*	*	*	*	PRJNA356769b_ITS2_ASV399	*
S	279	195	*	*	*	*	*	PRJNA356769b_ITS2_ASV541	*
S	280	195	*	*	*	*	*	PRJNA356769b_ITS2_ASV704	*
S	281	195	*	*	*	*	*	PRJNA356769b_ITS2_ASV776	*
S	282	195	*	*	*	*	*	PRJNA356769b_ITS2_ASV827	*
S	283	194	*	*	*	*	*	PRJNA356769b_ITS2_ASV433	*
S	284	194	*	*	*	*	*	PRJNA356769b_ITS2_ASV468	*
S	285	194	*	*	*	*	*	PRJNA356769b_ITS2_ASV585	*
S	286	194	*	*	*	*	*	PRJNA356769b_ITS2_ASV643	*
S	287	194	*	*	*	*	*	PRJNA356769b_ITS2_ASV655	*
S	288	194	*	*	*	*	*	PRJNA356769b_ITS2_ASV785	*
S	289	194	*	*	*	*	*	PRJNA356769b_ITS2_ASV867	*
H	283	194	99.5	+	0	0	194M	PRJNA356769b_ITS2_ASV888	PRJNA356769b_ITS2_ASV433
S	290	194	*	*	*	*	*	PRJNA356769b_ITS2_ASV955	*
S	291	193	*	*	*	*	*	PRJNA356769b_ITS2_ASV137	*
S	292	193	*	*	*	*	*	PRJNA356769b_ITS2_ASV16	*
H	292	193	99.5	+	0	0	193M	PRJNA356769b_ITS2_ASV203	PRJNA356769b_ITS2_ASV16
S	293	193	*	*	*	*	*	PRJNA356769b_ITS2_ASV307	*
S	294	193	*	*	*	*	*	PRJNA356769b_ITS2_ASV604	*
S	295	193	*	*	*	*	*	PRJNA356769b_ITS2_ASV738	*
S	296	192	*	*	*	*	*	PRJNA356769b_ITS2_ASV219	*
S	297	192	*	*	*	*	*	PRJNA356769b_ITS2_ASV400	*
H	297	192	99.0	+	0	0	192M	PRJNA356769b_ITS2_ASV448	PRJNA356769b_ITS2_ASV400
H	297	192	99.5	+	0	0	192M	PRJNA356769b_ITS2_ASV591	PRJNA356769b_ITS2_ASV400
S	298	192	*	*	*	*	*	PRJNA356769b_ITS2_ASV747	*
S	299	191	*	*	*	*	*	PRJNA356769b_ITS2_ASV201	*
S	300	191	*	*	*	*	*	PRJNA356769b_ITS2_ASV406	*
S	301	191	*	*	*	*	*	PRJNA356769b_ITS2_ASV494	*
S	302	191	*	*	*	*	*	PRJNA356769b_ITS2_ASV499	*
S	303	190	*	*	*	*	*	PRJNA356769b_ITS2_ASV144	*
S	304	190	*	*	*	*	*	PRJNA356769b_ITS2_ASV324	*
H	304	190	98.9	+	0	0	190M	PRJNA356769b_ITS2_ASV402	PRJNA356769b_ITS2_ASV324
S	305	190	*	*	*	*	*	PRJNA356769b_ITS2_ASV512	*
S	306	189	*	*	*	*	*	PRJNA356769b_ITS2_ASV10	*
S	307	189	*	*	*	*	*	PRJNA356769b_ITS2_ASV26	*
S	308	189	*	*	*	*	*	PRJNA356769b_ITS2_ASV912	*
S	309	188	*	*	*	*	*	PRJNA356769b_ITS2_ASV1002	*
S	310	188	*	*	*	*	*	PRJNA356769b_ITS2_ASV130	*
S	311	188	*	*	*	*	*	PRJNA356769b_ITS2_ASV29	*
S	312	188	*	*	*	*	*	PRJNA356769b_ITS2_ASV375	*
S	313	188	*	*	*	*	*	PRJNA356769b_ITS2_ASV376	*
S	314	188	*	*	*	*	*	PRJNA356769b_ITS2_ASV647	*
S	315	188	*	*	*	*	*	PRJNA356769b_ITS2_ASV769	*
H	309	188	98.9	+	0	0	188M	PRJNA356769b_ITS2_ASV855	PRJNA356769b_ITS2_ASV1002
S	316	187	*	*	*	*	*	PRJNA356769b_ITS2_ASV128	*
S	317	187	*	*	*	*	*	PRJNA356769b_ITS2_ASV236	*
S	318	187	*	*	*	*	*	PRJNA356769b_ITS2_ASV440	*
H	318	187	99.5	+	0	0	187M	PRJNA356769b_ITS2_ASV490	PRJNA356769b_ITS2_ASV440
S	319	187	*	*	*	*	*	PRJNA356769b_ITS2_ASV506	*
S	320	187	*	*	*	*	*	PRJNA356769b_ITS2_ASV742	*
S	321	187	*	*	*	*	*	PRJNA356769b_ITS2_ASV791	*
H	317	187	99.5	+	0	0	187M	PRJNA356769b_ITS2_ASV963	PRJNA356769b_ITS2_ASV236
S	322	186	*	*	*	*	*	PRJNA356769b_ITS2_ASV12	*
S	323	186	*	*	*	*	*	PRJNA356769b_ITS2_ASV232	*
S	324	186	*	*	*	*	*	PRJNA356769b_ITS2_ASV333	*
S	325	186	*	*	*	*	*	PRJNA356769b_ITS2_ASV476	*
S	326	186	*	*	*	*	*	PRJNA356769b_ITS2_ASV536	*
S	327	186	*	*	*	*	*	PRJNA356769b_ITS2_ASV631	*
S	328	186	*	*	*	*	*	PRJNA356769b_ITS2_ASV662	*
S	329	186	*	*	*	*	*	PRJNA356769b_ITS2_ASV667	*
S	330	186	*	*	*	*	*	PRJNA356769b_ITS2_ASV73	*
H	329	186	98.9	+	0	0	186M	PRJNA356769b_ITS2_ASV735	PRJNA356769b_ITS2_ASV667
S	331	186	*	*	*	*	*	PRJNA356769b_ITS2_ASV878	*
H	323	186	99.5	+	0	0	186M	PRJNA356769b_ITS2_ASV956	PRJNA356769b_ITS2_ASV232
S	332	186	*	*	*	*	*	PRJNA356769b_ITS2_ASV970	*
S	333	185	*	*	*	*	*	PRJNA356769b_ITS2_ASV14	*
S	334	185	*	*	*	*	*	PRJNA356769b_ITS2_ASV158	*
S	335	185	*	*	*	*	*	PRJNA356769b_ITS2_ASV196	*
S	336	185	*	*	*	*	*	PRJNA356769b_ITS2_ASV250	*
S	337	185	*	*	*	*	*	PRJNA356769b_ITS2_ASV346	*
S	338	185	*	*	*	*	*	PRJNA356769b_ITS2_ASV491	*
S	339	185	*	*	*	*	*	PRJNA356769b_ITS2_ASV526	*
H	336	185	99.5	+	0	0	185M	PRJNA356769b_ITS2_ASV535	PRJNA356769b_ITS2_ASV250
S	340	185	*	*	*	*	*	PRJNA356769b_ITS2_ASV548	*
S	341	185	*	*	*	*	*	PRJNA356769b_ITS2_ASV571	*
H	338	185	99.5	+	0	0	185M	PRJNA356769b_ITS2_ASV586	PRJNA356769b_ITS2_ASV491
H	329	185	98.9	+	0	0	88MI97M	PRJNA356769b_ITS2_ASV698	PRJNA356769b_ITS2_ASV667
H	336	185	98.9	+	0	0	185M	PRJNA356769b_ITS2_ASV7	PRJNA356769b_ITS2_ASV250
H	337	185	98.9	+	0	0	185M	PRJNA356769b_ITS2_ASV709	PRJNA356769b_ITS2_ASV346
S	342	185	*	*	*	*	*	PRJNA356769b_ITS2_ASV72	*
S	343	185	*	*	*	*	*	PRJNA356769b_ITS2_ASV736	*
S	344	185	*	*	*	*	*	PRJNA356769b_ITS2_ASV737	*
H	336	185	98.9	+	0	0	185M	PRJNA356769b_ITS2_ASV746	PRJNA356769b_ITS2_ASV250
H	334	185	98.9	+	0	0	185M	PRJNA356769b_ITS2_ASV759	PRJNA356769b_ITS2_ASV158
S	345	185	*	*	*	*	*	PRJNA356769b_ITS2_ASV775	*
S	346	185	*	*	*	*	*	PRJNA356769b_ITS2_ASV796	*
S	347	185	*	*	*	*	*	PRJNA356769b_ITS2_ASV799	*
S	348	185	*	*	*	*	*	PRJNA356769b_ITS2_ASV822	*
S	349	185	*	*	*	*	*	PRJNA356769b_ITS2_ASV863	*
H	336	185	99.5	+	0	0	185M	PRJNA356769b_ITS2_ASV889	PRJNA356769b_ITS2_ASV250
H	337	185	99.5	+	0	0	185M	PRJNA356769b_ITS2_ASV949	PRJNA356769b_ITS2_ASV346
S	350	185	*	*	*	*	*	PRJNA356769b_ITS2_ASV950	*
S	351	185	*	*	*	*	*	PRJNA356769b_ITS2_ASV96	*
S	352	185	*	*	*	*	*	PRJNA356769b_ITS2_ASV978	*
S	353	185	*	*	*	*	*	PRJNA356769b_ITS2_ASV980	*
S	354	185	*	*	*	*	*	PRJNA356769b_ITS2_ASV987	*
S	355	185	*	*	*	*	*	PRJNA356769b_ITS2_ASV992	*
S	356	184	*	*	*	*	*	PRJNA356769b_ITS2_ASV212	*
S	357	184	*	*	*	*	*	PRJNA356769b_ITS2_ASV355	*
S	358	184	*	*	*	*	*	PRJNA356769b_ITS2_ASV378	*
S	359	184	*	*	*	*	*	PRJNA356769b_ITS2_ASV727	*
S	360	183	*	*	*	*	*	PRJNA356769b_ITS2_ASV25	*
S	361	183	*	*	*	*	*	PRJNA356769b_ITS2_ASV478	*
S	362	183	*	*	*	*	*	PRJNA356769b_ITS2_ASV677	*
S	363	183	*	*	*	*	*	PRJNA356769b_ITS2_ASV714	*
S	364	182	*	*	*	*	*	PRJNA356769b_ITS2_ASV1010	*
S	365	182	*	*	*	*	*	PRJNA356769b_ITS2_ASV125	*
S	366	182	*	*	*	*	*	PRJNA356769b_ITS2_ASV211	*
S	367	182	*	*	*	*	*	PRJNA356769b_ITS2_ASV334	*
S	368	182	*	*	*	*	*	PRJNA356769b_ITS2_ASV905	*
S	369	181	*	*	*	*	*	PRJNA356769b_ITS2_ASV405	*
S	370	181	*	*	*	*	*	PRJNA356769b_ITS2_ASV781	*
S	371	181	*	*	*	*	*	PRJNA356769b_ITS2_ASV858	*
S	372	181	*	*	*	*	*	PRJNA356769b_ITS2_ASV916	*
S	373	180	*	*	*	*	*	PRJNA356769b_ITS2_ASV120	*
S	374	180	*	*	*	*	*	PRJNA356769b_ITS2_ASV187	*
H	372	180	99.4	+	0	0	15MI165M	PRJNA356769b_ITS2_ASV377	PRJNA356769b_ITS2_ASV916
S	375	180	*	*	*	*	*	PRJNA356769b_ITS2_ASV528	*
S	376	180	*	*	*	*	*	PRJNA356769b_ITS2_ASV865	*
S	377	179	*	*	*	*	*	PRJNA356769b_ITS2_ASV844	*
S	378	178	*	*	*	*	*	PRJNA356769b_ITS2_ASV200	*
S	379	178	*	*	*	*	*	PRJNA356769b_ITS2_ASV204	*
S	380	178	*	*	*	*	*	PRJNA356769b_ITS2_ASV462	*
S	381	178	*	*	*	*	*	PRJNA356769b_ITS2_ASV686	*
S	382	178	*	*	*	*	*	PRJNA356769b_ITS2_ASV953	*
S	383	177	*	*	*	*	*	PRJNA356769b_ITS2_ASV363	*
S	384	177	*	*	*	*	*	PRJNA356769b_ITS2_ASV498	*
S	385	177	*	*	*	*	*	PRJNA356769b_ITS2_ASV644	*
H	383	177	99.4	+	0	0	177M	PRJNA356769b_ITS2_ASV815	PRJNA356769b_ITS2_ASV363
S	386	176	*	*	*	*	*	PRJNA356769b_ITS2_ASV107	*
S	387	176	*	*	*	*	*	PRJNA356769b_ITS2_ASV411	*
H	386	176	99.4	+	0	0	176M	PRJNA356769b_ITS2_ASV564	PRJNA356769b_ITS2_ASV107
H	387	176	99.4	+	0	0	176M	PRJNA356769b_ITS2_ASV728	PRJNA356769b_ITS2_ASV411
H	386	176	99.4	+	0	0	176M	PRJNA356769b_ITS2_ASV847	PRJNA356769b_ITS2_ASV107
S	388	175	*	*	*	*	*	PRJNA356769b_ITS2_ASV225	*
S	389	175	*	*	*	*	*	PRJNA356769b_ITS2_ASV635	*
S	390	175	*	*	*	*	*	PRJNA356769b_ITS2_ASV826	*
S	391	175	*	*	*	*	*	PRJNA356769b_ITS2_ASV991	*
S	392	174	*	*	*	*	*	PRJNA356769b_ITS2_ASV147	*
H	389	174	98.9	+	0	0	164MI10M	PRJNA356769b_ITS2_ASV194	PRJNA356769b_ITS2_ASV635
S	393	174	*	*	*	*	*	PRJNA356769b_ITS2_ASV356	*
S	394	174	*	*	*	*	*	PRJNA356769b_ITS2_ASV493	*
S	395	174	*	*	*	*	*	PRJNA356769b_ITS2_ASV679	*
S	396	174	*	*	*	*	*	PRJNA356769b_ITS2_ASV972	*
H	393	173	99.4	+	0	0	173MI	PRJNA356769b_ITS2_ASV382	PRJNA356769b_ITS2_ASV356
S	397	173	*	*	*	*	*	PRJNA356769b_ITS2_ASV599	*
S	398	173	*	*	*	*	*	PRJNA356769b_ITS2_ASV788	*
S	399	172	*	*	*	*	*	PRJNA356769b_ITS2_ASV447	*
S	400	172	*	*	*	*	*	PRJNA356769b_ITS2_ASV545	*
S	401	172	*	*	*	*	*	PRJNA356769b_ITS2_ASV56	*
S	402	172	*	*	*	*	*	PRJNA356769b_ITS2_ASV609	*
S	403	172	*	*	*	*	*	PRJNA356769b_ITS2_ASV97	*
S	404	171	*	*	*	*	*	PRJNA356769b_ITS2_ASV261	*
S	405	171	*	*	*	*	*	PRJNA356769b_ITS2_ASV43	*
S	406	171	*	*	*	*	*	PRJNA356769b_ITS2_ASV483	*
S	407	171	*	*	*	*	*	PRJNA356769b_ITS2_ASV500	*
S	408	171	*	*	*	*	*	PRJNA356769b_ITS2_ASV625	*
S	409	171	*	*	*	*	*	PRJNA356769b_ITS2_ASV885	*
H	406	171	98.8	+	0	0	171M	PRJNA356769b_ITS2_ASV917	PRJNA356769b_ITS2_ASV483
S	410	171	*	*	*	*	*	PRJNA356769b_ITS2_ASV967	*
S	411	170	*	*	*	*	*	PRJNA356769b_ITS2_ASV216	*
S	412	170	*	*	*	*	*	PRJNA356769b_ITS2_ASV268	*
S	413	170	*	*	*	*	*	PRJNA356769b_ITS2_ASV293	*
H	412	170	99.4	+	0	0	170M	PRJNA356769b_ITS2_ASV303	PRJNA356769b_ITS2_ASV268
S	414	170	*	*	*	*	*	PRJNA356769b_ITS2_ASV338	*
S	415	170	*	*	*	*	*	PRJNA356769b_ITS2_ASV605	*
S	416	170	*	*	*	*	*	PRJNA356769b_ITS2_ASV652	*
S	417	170	*	*	*	*	*	PRJNA356769b_ITS2_ASV753	*
S	418	170	*	*	*	*	*	PRJNA356769b_ITS2_ASV929	*
S	419	169	*	*	*	*	*	PRJNA356769b_ITS2_ASV164	*
S	420	169	*	*	*	*	*	PRJNA356769b_ITS2_ASV198	*
S	421	169	*	*	*	*	*	PRJNA356769b_ITS2_ASV253	*
S	422	169	*	*	*	*	*	PRJNA356769b_ITS2_ASV256	*
S	423	169	*	*	*	*	*	PRJNA356769b_ITS2_ASV291	*
S	424	169	*	*	*	*	*	PRJNA356769b_ITS2_ASV310	*
S	425	169	*	*	*	*	*	PRJNA356769b_ITS2_ASV398	*
H	420	169	99.4	+	0	0	169M	PRJNA356769b_ITS2_ASV415	PRJNA356769b_ITS2_ASV198
S	426	169	*	*	*	*	*	PRJNA356769b_ITS2_ASV44	*
S	427	169	*	*	*	*	*	PRJNA356769b_ITS2_ASV516	*
S	428	169	*	*	*	*	*	PRJNA356769b_ITS2_ASV561	*
S	429	169	*	*	*	*	*	PRJNA356769b_ITS2_ASV596	*
S	430	168	*	*	*	*	*	PRJNA356769b_ITS2_ASV162	*
S	431	168	*	*	*	*	*	PRJNA356769b_ITS2_ASV254	*
S	432	168	*	*	*	*	*	PRJNA356769b_ITS2_ASV314	*
H	430	168	99.4	+	0	0	168M	PRJNA356769b_ITS2_ASV391	PRJNA356769b_ITS2_ASV162
S	433	168	*	*	*	*	*	PRJNA356769b_ITS2_ASV464	*
S	434	168	*	*	*	*	*	PRJNA356769b_ITS2_ASV57	*
S	435	168	*	*	*	*	*	PRJNA356769b_ITS2_ASV581	*
S	436	168	*	*	*	*	*	PRJNA356769b_ITS2_ASV697	*
S	437	168	*	*	*	*	*	PRJNA356769b_ITS2_ASV830	*
S	438	167	*	*	*	*	*	PRJNA356769b_ITS2_ASV119	*
S	439	167	*	*	*	*	*	PRJNA356769b_ITS2_ASV262	*
S	440	167	*	*	*	*	*	PRJNA356769b_ITS2_ASV459	*
S	441	167	*	*	*	*	*	PRJNA356769b_ITS2_ASV47	*
S	442	167	*	*	*	*	*	PRJNA356769b_ITS2_ASV725	*
S	443	167	*	*	*	*	*	PRJNA356769b_ITS2_ASV729	*
H	442	167	99.4	+	0	0	167M	PRJNA356769b_ITS2_ASV751	PRJNA356769b_ITS2_ASV725
S	444	167	*	*	*	*	*	PRJNA356769b_ITS2_ASV837	*
S	445	167	*	*	*	*	*	PRJNA356769b_ITS2_ASV909	*
S	446	167	*	*	*	*	*	PRJNA356769b_ITS2_ASV934	*
S	447	167	*	*	*	*	*	PRJNA356769b_ITS2_ASV997	*
S	448	166	*	*	*	*	*	PRJNA356769b_ITS2_ASV163	*
S	449	166	*	*	*	*	*	PRJNA356769b_ITS2_ASV273	*
H	449	166	99.4	+	0	0	166M	PRJNA356769b_ITS2_ASV276	PRJNA356769b_ITS2_ASV273
S	450	166	*	*	*	*	*	PRJNA356769b_ITS2_ASV319	*
S	451	166	*	*	*	*	*	PRJNA356769b_ITS2_ASV477	*
S	452	166	*	*	*	*	*	PRJNA356769b_ITS2_ASV522	*
S	453	166	*	*	*	*	*	PRJNA356769b_ITS2_ASV614	*
S	454	166	*	*	*	*	*	PRJNA356769b_ITS2_ASV659	*
S	455	166	*	*	*	*	*	PRJNA356769b_ITS2_ASV806	*
S	456	166	*	*	*	*	*	PRJNA356769b_ITS2_ASV817	*
S	457	166	*	*	*	*	*	PRJNA356769b_ITS2_ASV866	*
S	458	166	*	*	*	*	*	PRJNA356769b_ITS2_ASV98	*
S	459	165	*	*	*	*	*	PRJNA356769b_ITS2_ASV202	*
H	458	165	98.8	+	0	0	37MI128M	PRJNA356769b_ITS2_ASV239	PRJNA356769b_ITS2_ASV98
S	460	165	*	*	*	*	*	PRJNA356769b_ITS2_ASV270	*
S	461	165	*	*	*	*	*	PRJNA356769b_ITS2_ASV503	*
S	462	165	*	*	*	*	*	PRJNA356769b_ITS2_ASV567	*
S	463	165	*	*	*	*	*	PRJNA356769b_ITS2_ASV60	*
S	464	165	*	*	*	*	*	PRJNA356769b_ITS2_ASV600	*
H	458	165	99.4	+	0	0	37MI128M	PRJNA356769b_ITS2_ASV630	PRJNA356769b_ITS2_ASV98
S	465	165	*	*	*	*	*	PRJNA356769b_ITS2_ASV690	*
S	466	165	*	*	*	*	*	PRJNA356769b_ITS2_ASV795	*
H	450	165	98.8	+	0	0	165MI	PRJNA356769b_ITS2_ASV800	PRJNA356769b_ITS2_ASV319
S	467	165	*	*	*	*	*	PRJNA356769b_ITS2_ASV930	*
S	468	165	*	*	*	*	*	PRJNA356769b_ITS2_ASV990	*
S	469	164	*	*	*	*	*	PRJNA356769b_ITS2_ASV108	*
S	470	164	*	*	*	*	*	PRJNA356769b_ITS2_ASV165	*
H	470	164	99.4	+	0	0	164M	PRJNA356769b_ITS2_ASV19	PRJNA356769b_ITS2_ASV165
S	471	164	*	*	*	*	*	PRJNA356769b_ITS2_ASV20	*
S	472	164	*	*	*	*	*	PRJNA356769b_ITS2_ASV231	*
S	473	164	*	*	*	*	*	PRJNA356769b_ITS2_ASV289	*
S	474	164	*	*	*	*	*	PRJNA356769b_ITS2_ASV328	*
H	472	164	99.4	+	0	0	164M	PRJNA356769b_ITS2_ASV371	PRJNA356769b_ITS2_ASV231
S	475	164	*	*	*	*	*	PRJNA356769b_ITS2_ASV432	*
H	472	164	99.4	+	0	0	164M	PRJNA356769b_ITS2_ASV519	PRJNA356769b_ITS2_ASV231
S	476	164	*	*	*	*	*	PRJNA356769b_ITS2_ASV618	*
S	477	164	*	*	*	*	*	PRJNA356769b_ITS2_ASV730	*
S	478	164	*	*	*	*	*	PRJNA356769b_ITS2_ASV733	*
H	472	164	99.4	+	0	0	164M	PRJNA356769b_ITS2_ASV77	PRJNA356769b_ITS2_ASV231
H	478	164	99.4	+	0	0	164M	PRJNA356769b_ITS2_ASV808	PRJNA356769b_ITS2_ASV733
S	479	164	*	*	*	*	*	PRJNA356769b_ITS2_ASV819	*
S	480	164	*	*	*	*	*	PRJNA356769b_ITS2_ASV933	*
H	475	163	98.8	+	0	0	79MI84M	PRJNA356769b_ITS2_ASV154	PRJNA356769b_ITS2_ASV432
H	472	163	98.8	+	0	0	44MI119M	PRJNA356769b_ITS2_ASV172	PRJNA356769b_ITS2_ASV231
H	472	163	99.4	+	0	0	43MI120M	PRJNA356769b_ITS2_ASV267	PRJNA356769b_ITS2_ASV231
S	481	163	*	*	*	*	*	PRJNA356769b_ITS2_ASV315	*
H	472	163	98.8	+	0	0	43MI120M	PRJNA356769b_ITS2_ASV327	PRJNA356769b_ITS2_ASV231
S	482	163	*	*	*	*	*	PRJNA356769b_ITS2_ASV344	*
S	483	163	*	*	*	*	*	PRJNA356769b_ITS2_ASV4	*
S	484	163	*	*	*	*	*	PRJNA356769b_ITS2_ASV40	*
H	472	163	98.8	+	0	0	43MI120M	PRJNA356769b_ITS2_ASV527	PRJNA356769b_ITS2_ASV231
S	485	163	*	*	*	*	*	PRJNA356769b_ITS2_ASV583	*
S	486	163	*	*	*	*	*	PRJNA356769b_ITS2_ASV665	*
S	487	163	*	*	*	*	*	PRJNA356769b_ITS2_ASV666	*
H	481	163	99.4	+	0	0	163M	PRJNA356769b_ITS2_ASV82	PRJNA356769b_ITS2_ASV315
S	488	162	*	*	*	*	*	PRJNA356769b_ITS2_ASV221	*
S	489	162	*	*	*	*	*	PRJNA356769b_ITS2_ASV312	*
S	490	162	*	*	*	*	*	PRJNA356769b_ITS2_ASV34	*
S	491	162	*	*	*	*	*	PRJNA356769b_ITS2_ASV421	*
S	492	162	*	*	*	*	*	PRJNA356769b_ITS2_ASV497	*
S	493	162	*	*	*	*	*	PRJNA356769b_ITS2_ASV521	*
S	494	162	*	*	*	*	*	PRJNA356769b_ITS2_ASV755	*
S	495	162	*	*	*	*	*	PRJNA356769b_ITS2_ASV964	*
S	496	162	*	*	*	*	*	PRJNA356769b_ITS2_ASV995	*
S	497	161	*	*	*	*	*	PRJNA356769b_ITS2_ASV156	*
S	498	161	*	*	*	*	*	PRJNA356769b_ITS2_ASV174	*
S	499	161	*	*	*	*	*	PRJNA356769b_ITS2_ASV401	*
S	500	161	*	*	*	*	*	PRJNA356769b_ITS2_ASV45	*
S	501	161	*	*	*	*	*	PRJNA356769b_ITS2_ASV473	*
S	502	161	*	*	*	*	*	PRJNA356769b_ITS2_ASV486	*
S	503	161	*	*	*	*	*	PRJNA356769b_ITS2_ASV699	*
S	504	160	*	*	*	*	*	PRJNA356769b_ITS2_ASV11	*
S	505	160	*	*	*	*	*	PRJNA356769b_ITS2_ASV257	*
S	506	160	*	*	*	*	*	PRJNA356769b_ITS2_ASV288	*
S	507	160	*	*	*	*	*	PRJNA356769b_ITS2_ASV341	*
S	508	160	*	*	*	*	*	PRJNA356769b_ITS2_ASV531	*
H	505	160	99.4	+	0	0	160M	PRJNA356769b_ITS2_ASV620	PRJNA356769b_ITS2_ASV257
H	504	160	99.4	+	0	0	160M	PRJNA356769b_ITS2_ASV639	PRJNA356769b_ITS2_ASV11
H	506	160	99.4	+	0	0	160M	PRJNA356769b_ITS2_ASV657	PRJNA356769b_ITS2_ASV288
H	505	160	99.4	+	0	0	160M	PRJNA356769b_ITS2_ASV672	PRJNA356769b_ITS2_ASV257
H	501	160	99.4	+	0	0	44MI116M	PRJNA356769b_ITS2_ASV680	PRJNA356769b_ITS2_ASV473
S	509	160	*	*	*	*	*	PRJNA356769b_ITS2_ASV841	*
H	506	160	99.4	+	0	0	160M	PRJNA356769b_ITS2_ASV923	PRJNA356769b_ITS2_ASV288
S	510	159	*	*	*	*	*	PRJNA356769b_ITS2_ASV1005	*
S	511	159	*	*	*	*	*	PRJNA356769b_ITS2_ASV170	*
S	512	159	*	*	*	*	*	PRJNA356769b_ITS2_ASV606	*
S	513	159	*	*	*	*	*	PRJNA356769b_ITS2_ASV78	*
S	514	159	*	*	*	*	*	PRJNA356769b_ITS2_ASV873	*
S	515	159	*	*	*	*	*	PRJNA356769b_ITS2_ASV935	*
S	516	158	*	*	*	*	*	PRJNA356769b_ITS2_ASV123	*
S	517	158	*	*	*	*	*	PRJNA356769b_ITS2_ASV146	*
H	514	158	99.4	+	0	0	147MI11M	PRJNA356769b_ITS2_ASV279	PRJNA356769b_ITS2_ASV873
S	518	158	*	*	*	*	*	PRJNA356769b_ITS2_ASV340	*
S	519	158	*	*	*	*	*	PRJNA356769b_ITS2_ASV496	*
S	520	158	*	*	*	*	*	PRJNA356769b_ITS2_ASV523	*
S	521	158	*	*	*	*	*	PRJNA356769b_ITS2_ASV588	*
H	518	158	99.4	+	0	0	158M	PRJNA356769b_ITS2_ASV602	PRJNA356769b_ITS2_ASV340
S	522	158	*	*	*	*	*	PRJNA356769b_ITS2_ASV708	*
S	523	158	*	*	*	*	*	PRJNA356769b_ITS2_ASV722	*
S	524	158	*	*	*	*	*	PRJNA356769b_ITS2_ASV84	*
S	525	158	*	*	*	*	*	PRJNA356769b_ITS2_ASV854	*
S	526	158	*	*	*	*	*	PRJNA356769b_ITS2_ASV962	*
S	527	157	*	*	*	*	*	PRJNA356769b_ITS2_ASV287	*
S	528	157	*	*	*	*	*	PRJNA356769b_ITS2_ASV331	*
S	529	157	*	*	*	*	*	PRJNA356769b_ITS2_ASV351	*
S	530	157	*	*	*	*	*	PRJNA356769b_ITS2_ASV404	*
S	531	157	*	*	*	*	*	PRJNA356769b_ITS2_ASV482	*
S	532	157	*	*	*	*	*	PRJNA356769b_ITS2_ASV501	*
H	518	157	98.7	+	0	0	147MI10M	PRJNA356769b_ITS2_ASV505	PRJNA356769b_ITS2_ASV340
S	533	157	*	*	*	*	*	PRJNA356769b_ITS2_ASV563	*
S	534	157	*	*	*	*	*	PRJNA356769b_ITS2_ASV607	*
S	535	157	*	*	*	*	*	PRJNA356769b_ITS2_ASV62	*
S	536	157	*	*	*	*	*	PRJNA356769b_ITS2_ASV887	*
S	537	157	*	*	*	*	*	PRJNA356769b_ITS2_ASV898	*
S	538	157	*	*	*	*	*	PRJNA356769b_ITS2_ASV985	*
S	539	156	*	*	*	*	*	PRJNA356769b_ITS2_ASV184	*
S	540	156	*	*	*	*	*	PRJNA356769b_ITS2_ASV22	*
S	541	156	*	*	*	*	*	PRJNA356769b_ITS2_ASV610	*
S	542	156	*	*	*	*	*	PRJNA356769b_ITS2_ASV64	*
S	543	156	*	*	*	*	*	PRJNA356769b_ITS2_ASV691	*
S	544	156	*	*	*	*	*	PRJNA356769b_ITS2_ASV901	*
S	545	156	*	*	*	*	*	PRJNA356769b_ITS2_ASV969	*
S	546	155	*	*	*	*	*	PRJNA356769b_ITS2_ASV336	*
S	547	155	*	*	*	*	*	PRJNA356769b_ITS2_ASV383	*
S	548	155	*	*	*	*	*	PRJNA356769b_ITS2_ASV41	*
S	549	155	*	*	*	*	*	PRJNA356769b_ITS2_ASV419	*
S	550	155	*	*	*	*	*	PRJNA356769b_ITS2_ASV426	*
S	551	155	*	*	*	*	*	PRJNA356769b_ITS2_ASV593	*
S	552	155	*	*	*	*	*	PRJNA356769b_ITS2_ASV638	*
S	553	155	*	*	*	*	*	PRJNA356769b_ITS2_ASV705	*
H	547	155	98.7	+	0	0	155M	PRJNA356769b_ITS2_ASV711	PRJNA356769b_ITS2_ASV383
H	550	155	99.4	+	0	0	155M	PRJNA356769b_ITS2_ASV721	PRJNA356769b_ITS2_ASV426
S	554	154	*	*	*	*	*	PRJNA356769b_ITS2_ASV113	*
S	555	154	*	*	*	*	*	PRJNA356769b_ITS2_ASV142	*
S	556	154	*	*	*	*	*	PRJNA356769b_ITS2_ASV151	*
H	550	154	98.7	+	0	0	142MI12M	PRJNA356769b_ITS2_ASV193	PRJNA356769b_ITS2_ASV426
S	557	154	*	*	*	*	*	PRJNA356769b_ITS2_ASV222	*
S	558	154	*	*	*	*	*	PRJNA356769b_ITS2_ASV243	*
S	559	154	*	*	*	*	*	PRJNA356769b_ITS2_ASV318	*
S	560	154	*	*	*	*	*	PRJNA356769b_ITS2_ASV379	*
S	561	154	*	*	*	*	*	PRJNA356769b_ITS2_ASV42	*
S	562	154	*	*	*	*	*	PRJNA356769b_ITS2_ASV449	*
S	563	154	*	*	*	*	*	PRJNA356769b_ITS2_ASV458	*
S	564	154	*	*	*	*	*	PRJNA356769b_ITS2_ASV507	*
S	565	154	*	*	*	*	*	PRJNA356769b_ITS2_ASV577	*
S	566	154	*	*	*	*	*	PRJNA356769b_ITS2_ASV598	*
S	567	154	*	*	*	*	*	PRJNA356769b_ITS2_ASV65	*
S	568	154	*	*	*	*	*	PRJNA356769b_ITS2_ASV658	*
S	569	154	*	*	*	*	*	PRJNA356769b_ITS2_ASV67	*
S	570	154	*	*	*	*	*	PRJNA356769b_ITS2_ASV687	*
H	564	154	99.4	+	0	0	154M	PRJNA356769b_ITS2_ASV76	PRJNA356769b_ITS2_ASV507
H	568	154	99.4	+	0	0	154M	PRJNA356769b_ITS2_ASV786	PRJNA356769b_ITS2_ASV658
S	571	154	*	*	*	*	*	PRJNA356769b_ITS2_ASV884	*
S	572	154	*	*	*	*	*	PRJNA356769b_ITS2_ASV911	*
S	573	153	*	*	*	*	*	PRJNA356769b_ITS2_ASV213	*
S	574	153	*	*	*	*	*	PRJNA356769b_ITS2_ASV217	*
S	575	153	*	*	*	*	*	PRJNA356769b_ITS2_ASV259	*
S	576	153	*	*	*	*	*	PRJNA356769b_ITS2_ASV280	*
S	577	153	*	*	*	*	*	PRJNA356769b_ITS2_ASV439	*
S	578	153	*	*	*	*	*	PRJNA356769b_ITS2_ASV529	*
S	579	153	*	*	*	*	*	PRJNA356769b_ITS2_ASV713	*
S	580	153	*	*	*	*	*	PRJNA356769b_ITS2_ASV734	*
S	581	153	*	*	*	*	*	PRJNA356769b_ITS2_ASV763	*
S	582	153	*	*	*	*	*	PRJNA356769b_ITS2_ASV811	*
S	583	153	*	*	*	*	*	PRJNA356769b_ITS2_ASV832	*
H	149	153	100.0	+	0	0	=	PRJNA356769b_ITS2_ASV900	PRJNA356769b_ITS2_ASV134
S	584	152	*	*	*	*	*	PRJNA356769b_ITS2_ASV438	*
S	585	152	*	*	*	*	*	PRJNA356769b_ITS2_ASV550	*
S	586	152	*	*	*	*	*	PRJNA356769b_ITS2_ASV767	*
S	587	152	*	*	*	*	*	PRJNA356769b_ITS2_ASV820	*
S	588	152	*	*	*	*	*	PRJNA356769b_ITS2_ASV92	*
S	589	151	*	*	*	*	*	PRJNA356769b_ITS2_ASV292	*
S	590	151	*	*	*	*	*	PRJNA356769b_ITS2_ASV469	*
S	591	151	*	*	*	*	*	PRJNA356769b_ITS2_ASV495	*
H	590	151	99.3	+	0	0	151M	PRJNA356769b_ITS2_ASV648	PRJNA356769b_ITS2_ASV469
S	592	151	*	*	*	*	*	PRJNA356769b_ITS2_ASV683	*
S	593	151	*	*	*	*	*	PRJNA356769b_ITS2_ASV783	*
H	590	151	98.7	+	0	0	151M	PRJNA356769b_ITS2_ASV845	PRJNA356769b_ITS2_ASV469
S	594	151	*	*	*	*	*	PRJNA356769b_ITS2_ASV945	*
S	595	150	*	*	*	*	*	PRJNA356769b_ITS2_ASV166	*
S	596	150	*	*	*	*	*	PRJNA356769b_ITS2_ASV175	*
H	596	150	99.3	+	0	0	150M	PRJNA356769b_ITS2_ASV179	PRJNA356769b_ITS2_ASV175
H	596	150	99.3	+	0	0	150M	PRJNA356769b_ITS2_ASV339	PRJNA356769b_ITS2_ASV175
H	596	150	98.7	+	0	0	150M	PRJNA356769b_ITS2_ASV370	PRJNA356769b_ITS2_ASV175
H	596	150	98.7	+	0	0	150M	PRJNA356769b_ITS2_ASV424	PRJNA356769b_ITS2_ASV175
S	597	150	*	*	*	*	*	PRJNA356769b_ITS2_ASV434	*
S	598	150	*	*	*	*	*	PRJNA356769b_ITS2_ASV437	*
H	598	150	98.7	+	0	0	150M	PRJNA356769b_ITS2_ASV489	PRJNA356769b_ITS2_ASV437
S	599	150	*	*	*	*	*	PRJNA356769b_ITS2_ASV511	*
S	600	150	*	*	*	*	*	PRJNA356769b_ITS2_ASV518	*
H	598	150	99.3	+	0	0	150M	PRJNA356769b_ITS2_ASV568	PRJNA356769b_ITS2_ASV437
S	601	150	*	*	*	*	*	PRJNA356769b_ITS2_ASV569	*
S	602	150	*	*	*	*	*	PRJNA356769b_ITS2_ASV601	*
H	595	150	99.3	+	0	0	150M	PRJNA356769b_ITS2_ASV731	PRJNA356769b_ITS2_ASV166
S	603	150	*	*	*	*	*	PRJNA356769b_ITS2_ASV831	*
S	604	150	*	*	*	*	*	PRJNA356769b_ITS2_ASV91	*
S	605	149	*	*	*	*	*	PRJNA356769b_ITS2_ASV297	*
S	606	149	*	*	*	*	*	PRJNA356769b_ITS2_ASV395	*
S	607	149	*	*	*	*	*	PRJNA356769b_ITS2_ASV430	*
S	608	149	*	*	*	*	*	PRJNA356769b_ITS2_ASV470	*
S	609	149	*	*	*	*	*	PRJNA356769b_ITS2_ASV539	*
H	599	149	99.3	+	0	0	141MI8M	PRJNA356769b_ITS2_ASV546	PRJNA356769b_ITS2_ASV511
S	610	149	*	*	*	*	*	PRJNA356769b_ITS2_ASV572	*
H	610	149	99.3	+	0	0	149M	PRJNA356769b_ITS2_ASV681	PRJNA356769b_ITS2_ASV572
S	611	149	*	*	*	*	*	PRJNA356769b_ITS2_ASV802	*
S	612	149	*	*	*	*	*	PRJNA356769b_ITS2_ASV818	*
S	613	149	*	*	*	*	*	PRJNA356769b_ITS2_ASV94	*
S	614	148	*	*	*	*	*	PRJNA356769b_ITS2_ASV1004	*
S	615	148	*	*	*	*	*	PRJNA356769b_ITS2_ASV105	*
S	616	148	*	*	*	*	*	PRJNA356769b_ITS2_ASV110	*
S	617	148	*	*	*	*	*	PRJNA356769b_ITS2_ASV143	*
H	614	148	99.3	+	0	0	148M	PRJNA356769b_ITS2_ASV284	PRJNA356769b_ITS2_ASV1004
H	615	148	99.3	+	0	0	148M	PRJNA356769b_ITS2_ASV357	PRJNA356769b_ITS2_ASV105
S	618	148	*	*	*	*	*	PRJNA356769b_ITS2_ASV431	*
H	615	148	98.6	+	0	0	148M	PRJNA356769b_ITS2_ASV435	PRJNA356769b_ITS2_ASV105
S	619	148	*	*	*	*	*	PRJNA356769b_ITS2_ASV5	*
H	618	148	99.3	+	0	0	148M	PRJNA356769b_ITS2_ASV551	PRJNA356769b_ITS2_ASV431
S	620	148	*	*	*	*	*	PRJNA356769b_ITS2_ASV627	*
S	621	148	*	*	*	*	*	PRJNA356769b_ITS2_ASV633	*
S	622	148	*	*	*	*	*	PRJNA356769b_ITS2_ASV984	*
S	623	147	*	*	*	*	*	PRJNA356769b_ITS2_ASV190	*
S	624	147	*	*	*	*	*	PRJNA356769b_ITS2_ASV238	*
S	625	147	*	*	*	*	*	PRJNA356769b_ITS2_ASV38	*
S	626	147	*	*	*	*	*	PRJNA356769b_ITS2_ASV762	*
S	627	147	*	*	*	*	*	PRJNA356769b_ITS2_ASV965	*
S	628	146	*	*	*	*	*	PRJNA356769b_ITS2_ASV285	*
S	629	146	*	*	*	*	*	PRJNA356769b_ITS2_ASV445	*
S	630	146	*	*	*	*	*	PRJNA356769b_ITS2_ASV461	*
S	631	146	*	*	*	*	*	PRJNA356769b_ITS2_ASV973	*
S	632	145	*	*	*	*	*	PRJNA356769b_ITS2_ASV320	*
H	632	145	99.3	+	0	0	145M	PRJNA356769b_ITS2_ASV322	PRJNA356769b_ITS2_ASV320
S	633	145	*	*	*	*	*	PRJNA356769b_ITS2_ASV637	*
S	634	145	*	*	*	*	*	PRJNA356769b_ITS2_ASV982	*
S	635	144	*	*	*	*	*	PRJNA356769b_ITS2_ASV838	*
S	636	144	*	*	*	*	*	PRJNA356769b_ITS2_ASV928	*
S	637	143	*	*	*	*	*	PRJNA356769b_ITS2_ASV455	*
S	638	143	*	*	*	*	*	PRJNA356769b_ITS2_ASV861	*
S	639	142	*	*	*	*	*	PRJNA356769b_ITS2_ASV295	*
S	640	142	*	*	*	*	*	PRJNA356769b_ITS2_ASV345	*
H	640	142	99.3	+	0	0	142M	PRJNA356769b_ITS2_ASV886	PRJNA356769b_ITS2_ASV345
S	641	141	*	*	*	*	*	PRJNA356769b_ITS2_ASV140	*
S	642	141	*	*	*	*	*	PRJNA356769b_ITS2_ASV215	*
H	637	141	98.6	+	0	0	13M2I128M	PRJNA356769b_ITS2_ASV299	PRJNA356769b_ITS2_ASV455
S	643	141	*	*	*	*	*	PRJNA356769b_ITS2_ASV367	*
S	644	141	*	*	*	*	*	PRJNA356769b_ITS2_ASV549	*
S	645	141	*	*	*	*	*	PRJNA356769b_ITS2_ASV570	*
H	643	141	99.3	+	0	0	141M	PRJNA356769b_ITS2_ASV881	PRJNA356769b_ITS2_ASV367
S	646	141	*	*	*	*	*	PRJNA356769b_ITS2_ASV994	*
S	647	140	*	*	*	*	*	PRJNA356769b_ITS2_ASV1006	*
S	648	140	*	*	*	*	*	PRJNA356769b_ITS2_ASV118	*
S	649	140	*	*	*	*	*	PRJNA356769b_ITS2_ASV132	*
S	650	140	*	*	*	*	*	PRJNA356769b_ITS2_ASV155	*
S	651	140	*	*	*	*	*	PRJNA356769b_ITS2_ASV409	*
H	647	140	99.3	+	0	0	140M	PRJNA356769b_ITS2_ASV560	PRJNA356769b_ITS2_ASV1006
S	652	140	*	*	*	*	*	PRJNA356769b_ITS2_ASV61	*
S	653	140	*	*	*	*	*	PRJNA356769b_ITS2_ASV71	*
S	654	140	*	*	*	*	*	PRJNA356769b_ITS2_ASV724	*
S	655	140	*	*	*	*	*	PRJNA356769b_ITS2_ASV782	*
S	656	139	*	*	*	*	*	PRJNA356769b_ITS2_ASV116	*
S	657	139	*	*	*	*	*	PRJNA356769b_ITS2_ASV173	*
S	658	139	*	*	*	*	*	PRJNA356769b_ITS2_ASV258	*
H	647	139	98.6	+	0	0	96MI43M	PRJNA356769b_ITS2_ASV420	PRJNA356769b_ITS2_ASV1006
H	647	139	98.6	+	0	0	59MI80M	PRJNA356769b_ITS2_ASV467	PRJNA356769b_ITS2_ASV1006
S	659	139	*	*	*	*	*	PRJNA356769b_ITS2_ASV582	*
S	660	139	*	*	*	*	*	PRJNA356769b_ITS2_ASV868	*
S	661	139	*	*	*	*	*	PRJNA356769b_ITS2_ASV904	*
H	661	138	98.6	+	0	0	59MI79M	PRJNA356769b_ITS2_ASV927	PRJNA356769b_ITS2_ASV904
S	662	138	*	*	*	*	*	PRJNA356769b_ITS2_ASV938	*
S	663	134	*	*	*	*	*	PRJNA356769b_ITS2_ASV629	*
S	664	131	*	*	*	*	*	PRJNA356769b_ITS2_ASV745	*
S	665	131	*	*	*	*	*	PRJNA356769b_ITS2_ASV797	*
S	666	129	*	*	*	*	*	PRJNA356769b_ITS2_ASV626	*
S	667	127	*	*	*	*	*	PRJNA356769b_ITS2_ASV416	*
H	667	127	99.2	+	0	0	127M	PRJNA356769b_ITS2_ASV474	PRJNA356769b_ITS2_ASV416
S	668	124	*	*	*	*	*	PRJNA356769b_ITS2_ASV233	*
S	669	124	*	*	*	*	*	PRJNA356769b_ITS2_ASV914	*
S	670	123	*	*	*	*	*	PRJNA356769b_ITS2_ASV207	*
H	668	123	99.2	+	0	0	82MI41M	PRJNA356769b_ITS2_ASV595	PRJNA356769b_ITS2_ASV233
S	671	122	*	*	*	*	*	PRJNA356769b_ITS2_ASV475	*
S	672	122	*	*	*	*	*	PRJNA356769b_ITS2_ASV981	*
S	673	121	*	*	*	*	*	PRJNA356769b_ITS2_ASV537	*
S	674	120	*	*	*	*	*	PRJNA356769b_ITS2_ASV230	*
S	675	120	*	*	*	*	*	PRJNA356769b_ITS2_ASV335	*
S	676	120	*	*	*	*	*	PRJNA356769b_ITS2_ASV385	*
H	674	120	99.2	+	0	0	120M	PRJNA356769b_ITS2_ASV481	PRJNA356769b_ITS2_ASV230
S	677	120	*	*	*	*	*	PRJNA356769b_ITS2_ASV592	*
S	678	120	*	*	*	*	*	PRJNA356769b_ITS2_ASV768	*
S	679	120	*	*	*	*	*	PRJNA356769b_ITS2_ASV804	*
S	680	119	*	*	*	*	*	PRJNA356769b_ITS2_ASV675	*
S	681	119	*	*	*	*	*	PRJNA356769b_ITS2_ASV79	*
S	682	118	*	*	*	*	*	PRJNA356769b_ITS2_ASV559	*
H	682	118	99.2	+	0	0	118M	PRJNA356769b_ITS2_ASV968	PRJNA356769b_ITS2_ASV559
S	683	117	*	*	*	*	*	PRJNA356769b_ITS2_ASV859	*
S	684	116	*	*	*	*	*	PRJNA356769b_ITS2_ASV85	*
S	685	114	*	*	*	*	*	PRJNA356769b_ITS2_ASV135	*
S	686	114	*	*	*	*	*	PRJNA356769b_ITS2_ASV272	*
H	685	114	99.1	+	0	0	114M	PRJNA356769b_ITS2_ASV875	PRJNA356769b_ITS2_ASV135
S	687	111	*	*	*	*	*	PRJNA356769b_ITS2_ASV131	*
H	687	111	99.1	+	0	0	111M	PRJNA356769b_ITS2_ASV957	PRJNA356769b_ITS2_ASV131
S	688	103	*	*	*	*	*	PRJNA356769b_ITS2_ASV674	*
S	689	103	*	*	*	*	*	PRJNA356769b_ITS2_ASV807	*
S	690	103	*	*	*	*	*	PRJNA356769b_ITS2_ASV910	*
H	689	103	99.0	+	0	0	103M	PRJNA356769b_ITS2_ASV99	PRJNA356769b_ITS2_ASV807
S	691	101	*	*	*	*	*	PRJNA356769b_ITS2_ASV360	*
S	692	98	*	*	*	*	*	PRJNA356769b_ITS2_ASV269	*
S	693	98	*	*	*	*	*	PRJNA356769b_ITS2_ASV48	*
H	693	97	99.0	+	0	0	10MI87M	PRJNA356769b_ITS2_ASV37	PRJNA356769b_ITS2_ASV48
S	694	95	*	*	*	*	*	PRJNA356769b_ITS2_ASV112	*
S	695	95	*	*	*	*	*	PRJNA356769b_ITS2_ASV271	*
S	696	95	*	*	*	*	*	PRJNA356769b_ITS2_ASV896	*
H	71	94	100.0	+	0	0	=	PRJNA356769b_ITS2_ASV100	PRJNA356769b_ITS2_ASV892
S	697	93	*	*	*	*	*	PRJNA356769b_ITS2_ASV484	*
S	698	90	*	*	*	*	*	PRJNA356769b_ITS2_ASV343	*
S	699	86	*	*	*	*	*	PRJNA356769b_ITS2_ASV350	*
S	700	85	*	*	*	*	*	PRJNA356769b_ITS2_ASV265	*
S	701	79	*	*	*	*	*	PRJNA356769b_ITS2_ASV472	*
S	702	78	*	*	*	*	*	PRJNA356769b_ITS2_ASV372	*
H	702	78	98.7	+	0	0	78M	PRJNA356769b_ITS2_ASV840	PRJNA356769b_ITS2_ASV372
S	703	74	*	*	*	*	*	PRJNA356769b_ITS2_ASV913	*
H	703	73	100.0	+	0	0	=	PRJNA356769b_ITS2_ASV594	PRJNA356769b_ITS2_ASV913
S	704	70	*	*	*	*	*	PRJNA356769b_ITS2_ASV682	*
S	705	70	*	*	*	*	*	PRJNA356769b_ITS2_ASV890	*
S	706	70	*	*	*	*	*	PRJNA356769b_ITS2_ASV921	*
S	707	69	*	*	*	*	*	PRJNA356769b_ITS2_ASV260	*
S	708	68	*	*	*	*	*	PRJNA356769b_ITS2_ASV587	*
S	709	64	*	*	*	*	*	PRJNA356769b_ITS2_ASV66	*
S	710	62	*	*	*	*	*	PRJNA356769b_ITS2_ASV181	*
S	711	62	*	*	*	*	*	PRJNA356769b_ITS2_ASV612	*
S	712	62	*	*	*	*	*	PRJNA356769b_ITS2_ASV770	*
S	713	61	*	*	*	*	*	PRJNA356769b_ITS2_ASV579	*
S	714	61	*	*	*	*	*	PRJNA356769b_ITS2_ASV944	*
S	715	57	*	*	*	*	*	PRJNA356769b_ITS2_ASV308	*
S	716	57	*	*	*	*	*	PRJNA356769b_ITS2_ASV999	*
S	717	56	*	*	*	*	*	PRJNA356769b_ITS2_ASV282	*
S	718	54	*	*	*	*	*	PRJNA356769b_ITS2_ASV661	*
S	719	51	*	*	*	*	*	PRJNA356769b_ITS2_ASV32	*
S	720	51	*	*	*	*	*	PRJNA356769b_ITS2_ASV685	*
S	721	50	*	*	*	*	*	PRJNA356769b_ITS2_ASV296	*
S	722	50	*	*	*	*	*	PRJNA356769b_ITS2_ASV575	*
S	723	50	*	*	*	*	*	PRJNA356769b_ITS2_ASV852	*
C	0	1	*	*	*	*	*	PRJNA356769b_ITS2_ASV242	*
C	1	3	*	*	*	*	*	PRJNA356769b_ITS2_ASV305	*
C	2	1	*	*	*	*	*	PRJNA356769b_ITS2_ASV70	*
C	3	1	*	*	*	*	*	PRJNA356769b_ITS2_ASV766	*
C	4	9	*	*	*	*	*	PRJNA356769b_ITS2_ASV389	*
C	5	2	*	*	*	*	*	PRJNA356769b_ITS2_ASV176	*
C	6	4	*	*	*	*	*	PRJNA356769b_ITS2_ASV33	*
C	7	4	*	*	*	*	*	PRJNA356769b_ITS2_ASV624	*
C	8	6	*	*	*	*	*	PRJNA356769b_ITS2_ASV656	*
C	9	1	*	*	*	*	*	PRJNA356769b_ITS2_ASV228	*
C	10	1	*	*	*	*	*	PRJNA356769b_ITS2_ASV488	*
C	11	1	*	*	*	*	*	PRJNA356769b_ITS2_ASV578	*
C	12	1	*	*	*	*	*	PRJNA356769b_ITS2_ASV641	*
C	13	2	*	*	*	*	*	PRJNA356769b_ITS2_ASV718	*
C	14	5	*	*	*	*	*	PRJNA356769b_ITS2_ASV877	*
C	15	2	*	*	*	*	*	PRJNA356769b_ITS2_ASV615	*
C	16	1	*	*	*	*	*	PRJNA356769b_ITS2_ASV894	*
C	17	3	*	*	*	*	*	PRJNA356769b_ITS2_ASV384	*
C	18	1	*	*	*	*	*	PRJNA356769b_ITS2_ASV695	*
C	19	1	*	*	*	*	*	PRJNA356769b_ITS2_ASV450	*
C	20	1	*	*	*	*	*	PRJNA356769b_ITS2_ASV948	*
C	21	18	*	*	*	*	*	PRJNA356769b_ITS2_ASV266	*
C	22	2	*	*	*	*	*	PRJNA356769b_ITS2_ASV290	*
C	23	1	*	*	*	*	*	PRJNA356769b_ITS2_ASV237	*
C	24	4	*	*	*	*	*	PRJNA356769b_ITS2_ASV245	*
C	25	1	*	*	*	*	*	PRJNA356769b_ITS2_ASV1009	*
C	26	1	*	*	*	*	*	PRJNA356769b_ITS2_ASV388	*
C	27	1	*	*	*	*	*	PRJNA356769b_ITS2_ASV883	*
C	28	2	*	*	*	*	*	PRJNA356769b_ITS2_ASV234	*
C	29	1	*	*	*	*	*	PRJNA356769b_ITS2_ASV899	*
C	30	1	*	*	*	*	*	PRJNA356769b_ITS2_ASV68	*
C	31	1	*	*	*	*	*	PRJNA356769b_ITS2_ASV640	*
C	32	1	*	*	*	*	*	PRJNA356769b_ITS2_ASV365	*
C	33	2	*	*	*	*	*	PRJNA356769b_ITS2_ASV188	*
C	34	1	*	*	*	*	*	PRJNA356769b_ITS2_ASV191	*
C	35	5	*	*	*	*	*	PRJNA356769b_ITS2_ASV240	*
C	36	1	*	*	*	*	*	PRJNA356769b_ITS2_ASV248	*
C	37	2	*	*	*	*	*	PRJNA356769b_ITS2_ASV325	*
C	38	1	*	*	*	*	*	PRJNA356769b_ITS2_ASV417	*
C	39	1	*	*	*	*	*	PRJNA356769b_ITS2_ASV622	*
C	40	1	*	*	*	*	*	PRJNA356769b_ITS2_ASV772	*
C	41	1	*	*	*	*	*	PRJNA356769b_ITS2_ASV812	*
C	42	1	*	*	*	*	*	PRJNA356769b_ITS2_ASV337	*
C	43	1	*	*	*	*	*	PRJNA356769b_ITS2_ASV732	*
C	44	1	*	*	*	*	*	PRJNA356769b_ITS2_ASV171	*
C	45	2	*	*	*	*	*	PRJNA356769b_ITS2_ASV218	*
C	46	1	*	*	*	*	*	PRJNA356769b_ITS2_ASV463	*
C	47	1	*	*	*	*	*	PRJNA356769b_ITS2_ASV54	*
C	48	3	*	*	*	*	*	PRJNA356769b_ITS2_ASV617	*
C	49	1	*	*	*	*	*	PRJNA356769b_ITS2_ASV668	*
C	50	2	*	*	*	*	*	PRJNA356769b_ITS2_ASV244	*
C	51	1	*	*	*	*	*	PRJNA356769b_ITS2_ASV556	*
C	52	1	*	*	*	*	*	PRJNA356769b_ITS2_ASV1001	*
C	53	1	*	*	*	*	*	PRJNA356769b_ITS2_ASV352	*
C	54	2	*	*	*	*	*	PRJNA356769b_ITS2_ASV525	*
C	55	1	*	*	*	*	*	PRJNA356769b_ITS2_ASV59	*
C	56	5	*	*	*	*	*	PRJNA356769b_ITS2_ASV646	*
C	57	1	*	*	*	*	*	PRJNA356769b_ITS2_ASV979	*
C	58	2	*	*	*	*	*	PRJNA356769b_ITS2_ASV1000	*
C	59	3	*	*	*	*	*	PRJNA356769b_ITS2_ASV393	*
C	60	1	*	*	*	*	*	PRJNA356769b_ITS2_ASV565	*
C	61	1	*	*	*	*	*	PRJNA356769b_ITS2_ASV492	*
C	62	1	*	*	*	*	*	PRJNA356769b_ITS2_ASV613	*
C	63	1	*	*	*	*	*	PRJNA356769b_ITS2_ASV853	*
C	64	1	*	*	*	*	*	PRJNA356769b_ITS2_ASV329	*
C	65	1	*	*	*	*	*	PRJNA356769b_ITS2_ASV349	*
C	66	3	*	*	*	*	*	PRJNA356769b_ITS2_ASV224	*
C	67	1	*	*	*	*	*	PRJNA356769b_ITS2_ASV161	*
C	68	1	*	*	*	*	*	PRJNA356769b_ITS2_ASV209	*
C	69	11	*	*	*	*	*	PRJNA356769b_ITS2_ASV111	*
C	70	3	*	*	*	*	*	PRJNA356769b_ITS2_ASV876	*
C	71	4	*	*	*	*	*	PRJNA356769b_ITS2_ASV892	*
C	72	1	*	*	*	*	*	PRJNA356769b_ITS2_ASV621	*
C	73	2	*	*	*	*	*	PRJNA356769b_ITS2_ASV63	*
C	74	1	*	*	*	*	*	PRJNA356769b_ITS2_ASV80	*
C	75	1	*	*	*	*	*	PRJNA356769b_ITS2_ASV869	*
C	76	1	*	*	*	*	*	PRJNA356769b_ITS2_ASV15	*
C	77	2	*	*	*	*	*	PRJNA356769b_ITS2_ASV317	*
C	78	1	*	*	*	*	*	PRJNA356769b_ITS2_ASV532	*
C	79	1	*	*	*	*	*	PRJNA356769b_ITS2_ASV752	*
C	80	4	*	*	*	*	*	PRJNA356769b_ITS2_ASV227	*
C	81	1	*	*	*	*	*	PRJNA356769b_ITS2_ASV514	*
C	82	1	*	*	*	*	*	PRJNA356769b_ITS2_ASV946	*
C	83	1	*	*	*	*	*	PRJNA356769b_ITS2_ASV960	*
C	84	11	*	*	*	*	*	PRJNA356769b_ITS2_ASV149	*
C	85	1	*	*	*	*	*	PRJNA356769b_ITS2_ASV836	*
C	86	7	*	*	*	*	*	PRJNA356769b_ITS2_ASV148	*
C	87	1	*	*	*	*	*	PRJNA356769b_ITS2_ASV311	*
C	88	2	*	*	*	*	*	PRJNA356769b_ITS2_ASV456	*
C	89	3	*	*	*	*	*	PRJNA356769b_ITS2_ASV821	*
C	90	1	*	*	*	*	*	PRJNA356769b_ITS2_ASV206	*
C	91	2	*	*	*	*	*	PRJNA356769b_ITS2_ASV369	*
C	92	4	*	*	*	*	*	PRJNA356769b_ITS2_ASV373	*
C	93	1	*	*	*	*	*	PRJNA356769b_ITS2_ASV428	*
C	94	4	*	*	*	*	*	PRJNA356769b_ITS2_ASV517	*
C	95	1	*	*	*	*	*	PRJNA356769b_ITS2_ASV983	*
C	96	1	*	*	*	*	*	PRJNA356769b_ITS2_ASV1008	*
C	97	3	*	*	*	*	*	PRJNA356769b_ITS2_ASV362	*
C	98	1	*	*	*	*	*	PRJNA356769b_ITS2_ASV842	*
C	99	1	*	*	*	*	*	PRJNA356769b_ITS2_ASV939	*
C	100	1	*	*	*	*	*	PRJNA356769b_ITS2_ASV977	*
C	101	1	*	*	*	*	*	PRJNA356769b_ITS2_ASV102	*
C	102	5	*	*	*	*	*	PRJNA356769b_ITS2_ASV109	*
C	103	1	*	*	*	*	*	PRJNA356769b_ITS2_ASV792	*
C	104	1	*	*	*	*	*	PRJNA356769b_ITS2_ASV835	*
C	105	1	*	*	*	*	*	PRJNA356769b_ITS2_ASV870	*
C	106	1	*	*	*	*	*	PRJNA356769b_ITS2_ASV874	*
C	107	1	*	*	*	*	*	PRJNA356769b_ITS2_ASV18	*
C	108	1	*	*	*	*	*	PRJNA356769b_ITS2_ASV192	*
C	109	5	*	*	*	*	*	PRJNA356769b_ITS2_ASV436	*
C	110	1	*	*	*	*	*	PRJNA356769b_ITS2_ASV543	*
C	111	2	*	*	*	*	*	PRJNA356769b_ITS2_ASV833	*
C	112	5	*	*	*	*	*	PRJNA356769b_ITS2_ASV152	*
C	113	1	*	*	*	*	*	PRJNA356769b_ITS2_ASV31	*
C	114	1	*	*	*	*	*	PRJNA356769b_ITS2_ASV429	*
C	115	3	*	*	*	*	*	PRJNA356769b_ITS2_ASV798	*
C	116	1	*	*	*	*	*	PRJNA356769b_ITS2_ASV104	*
C	117	4	*	*	*	*	*	PRJNA356769b_ITS2_ASV185	*
C	118	1	*	*	*	*	*	PRJNA356769b_ITS2_ASV199	*
C	119	1	*	*	*	*	*	PRJNA356769b_ITS2_ASV412	*
C	120	2	*	*	*	*	*	PRJNA356769b_ITS2_ASV457	*
C	121	1	*	*	*	*	*	PRJNA356769b_ITS2_ASV634	*
C	122	1	*	*	*	*	*	PRJNA356769b_ITS2_ASV696	*
C	123	1	*	*	*	*	*	PRJNA356769b_ITS2_ASV754	*
C	124	1	*	*	*	*	*	PRJNA356769b_ITS2_ASV774	*
C	125	1	*	*	*	*	*	PRJNA356769b_ITS2_ASV801	*
C	126	1	*	*	*	*	*	PRJNA356769b_ITS2_ASV902	*
C	127	2	*	*	*	*	*	PRJNA356769b_ITS2_ASV1003	*
C	128	1	*	*	*	*	*	PRJNA356769b_ITS2_ASV1011	*
C	129	1	*	*	*	*	*	PRJNA356769b_ITS2_ASV347	*
C	130	1	*	*	*	*	*	PRJNA356769b_ITS2_ASV361	*
C	131	1	*	*	*	*	*	PRJNA356769b_ITS2_ASV487	*
C	132	1	*	*	*	*	*	PRJNA356769b_ITS2_ASV547	*
C	133	1	*	*	*	*	*	PRJNA356769b_ITS2_ASV689	*
C	134	1	*	*	*	*	*	PRJNA356769b_ITS2_ASV136	*
C	135	2	*	*	*	*	*	PRJNA356769b_ITS2_ASV3	*
C	136	1	*	*	*	*	*	PRJNA356769b_ITS2_ASV471	*
C	137	1	*	*	*	*	*	PRJNA356769b_ITS2_ASV726	*
C	138	2	*	*	*	*	*	PRJNA356769b_ITS2_ASV414	*
C	139	1	*	*	*	*	*	PRJNA356769b_ITS2_ASV576	*
C	140	1	*	*	*	*	*	PRJNA356769b_ITS2_ASV694	*
C	141	3	*	*	*	*	*	PRJNA356769b_ITS2_ASV106	*
C	142	1	*	*	*	*	*	PRJNA356769b_ITS2_ASV223	*
C	143	1	*	*	*	*	*	PRJNA356769b_ITS2_ASV354	*
C	144	2	*	*	*	*	*	PRJNA356769b_ITS2_ASV485	*
C	145	1	*	*	*	*	*	PRJNA356769b_ITS2_ASV750	*
C	146	1	*	*	*	*	*	PRJNA356769b_ITS2_ASV758	*
C	147	1	*	*	*	*	*	PRJNA356769b_ITS2_ASV117	*
C	148	1	*	*	*	*	*	PRJNA356769b_ITS2_ASV133	*
C	149	2	*	*	*	*	*	PRJNA356769b_ITS2_ASV134	*
C	150	1	*	*	*	*	*	PRJNA356769b_ITS2_ASV153	*
C	151	1	*	*	*	*	*	PRJNA356769b_ITS2_ASV180	*
C	152	1	*	*	*	*	*	PRJNA356769b_ITS2_ASV669	*
C	153	1	*	*	*	*	*	PRJNA356769b_ITS2_ASV692	*
C	154	1	*	*	*	*	*	PRJNA356769b_ITS2_ASV813	*
C	155	1	*	*	*	*	*	PRJNA356769b_ITS2_ASV828	*
C	156	1	*	*	*	*	*	PRJNA356769b_ITS2_ASV954	*
C	157	3	*	*	*	*	*	PRJNA356769b_ITS2_ASV157	*
C	158	1	*	*	*	*	*	PRJNA356769b_ITS2_ASV168	*
C	159	6	*	*	*	*	*	PRJNA356769b_ITS2_ASV182	*
C	160	1	*	*	*	*	*	PRJNA356769b_ITS2_ASV50	*
C	161	1	*	*	*	*	*	PRJNA356769b_ITS2_ASV515	*
C	162	2	*	*	*	*	*	PRJNA356769b_ITS2_ASV716	*
C	163	1	*	*	*	*	*	PRJNA356769b_ITS2_ASV757	*
C	164	1	*	*	*	*	*	PRJNA356769b_ITS2_ASV784	*
C	165	3	*	*	*	*	*	PRJNA356769b_ITS2_ASV121	*
C	166	1	*	*	*	*	*	PRJNA356769b_ITS2_ASV167	*
C	167	1	*	*	*	*	*	PRJNA356769b_ITS2_ASV316	*
C	168	1	*	*	*	*	*	PRJNA356769b_ITS2_ASV413	*
C	169	1	*	*	*	*	*	PRJNA356769b_ITS2_ASV423	*
C	170	1	*	*	*	*	*	PRJNA356769b_ITS2_ASV839	*
C	171	1	*	*	*	*	*	PRJNA356769b_ITS2_ASV89	*
C	172	1	*	*	*	*	*	PRJNA356769b_ITS2_ASV342	*
C	173	2	*	*	*	*	*	PRJNA356769b_ITS2_ASV460	*
C	174	1	*	*	*	*	*	PRJNA356769b_ITS2_ASV671	*
C	175	1	*	*	*	*	*	PRJNA356769b_ITS2_ASV857	*
C	176	1	*	*	*	*	*	PRJNA356769b_ITS2_ASV925	*
C	177	1	*	*	*	*	*	PRJNA356769b_ITS2_ASV197	*
C	178	1	*	*	*	*	*	PRJNA356769b_ITS2_ASV298	*
C	179	1	*	*	*	*	*	PRJNA356769b_ITS2_ASV509	*
C	180	1	*	*	*	*	*	PRJNA356769b_ITS2_ASV653	*
C	181	1	*	*	*	*	*	PRJNA356769b_ITS2_ASV942	*
C	182	2	*	*	*	*	*	PRJNA356769b_ITS2_ASV205	*
C	183	2	*	*	*	*	*	PRJNA356769b_ITS2_ASV301	*
C	184	2	*	*	*	*	*	PRJNA356769b_ITS2_ASV321	*
C	185	1	*	*	*	*	*	PRJNA356769b_ITS2_ASV35	*
C	186	4	*	*	*	*	*	PRJNA356769b_ITS2_ASV442	*
C	187	1	*	*	*	*	*	PRJNA356769b_ITS2_ASV49	*
C	188	1	*	*	*	*	*	PRJNA356769b_ITS2_ASV513	*
C	189	2	*	*	*	*	*	PRJNA356769b_ITS2_ASV540	*
C	190	2	*	*	*	*	*	PRJNA356769b_ITS2_ASV794	*
C	191	1	*	*	*	*	*	PRJNA356769b_ITS2_ASV9	*
C	192	1	*	*	*	*	*	PRJNA356769b_ITS2_ASV353	*
C	193	1	*	*	*	*	*	PRJNA356769b_ITS2_ASV368	*
C	194	1	*	*	*	*	*	PRJNA356769b_ITS2_ASV374	*
C	195	1	*	*	*	*	*	PRJNA356769b_ITS2_ASV397	*
C	196	1	*	*	*	*	*	PRJNA356769b_ITS2_ASV422	*
C	197	2	*	*	*	*	*	PRJNA356769b_ITS2_ASV611	*
C	198	1	*	*	*	*	*	PRJNA356769b_ITS2_ASV619	*
C	199	1	*	*	*	*	*	PRJNA356769b_ITS2_ASV989	*
C	200	2	*	*	*	*	*	PRJNA356769b_ITS2_ASV214	*
C	201	1	*	*	*	*	*	PRJNA356769b_ITS2_ASV275	*
C	202	1	*	*	*	*	*	PRJNA356769b_ITS2_ASV278	*
C	203	1	*	*	*	*	*	PRJNA356769b_ITS2_ASV553	*
C	204	1	*	*	*	*	*	PRJNA356769b_ITS2_ASV81	*
C	205	1	*	*	*	*	*	PRJNA356769b_ITS2_ASV893	*
C	206	1	*	*	*	*	*	PRJNA356769b_ITS2_ASV975	*
C	207	5	*	*	*	*	*	PRJNA356769b_ITS2_ASV145	*
C	208	1	*	*	*	*	*	PRJNA356769b_ITS2_ASV189	*
C	209	2	*	*	*	*	*	PRJNA356769b_ITS2_ASV584	*
C	210	3	*	*	*	*	*	PRJNA356769b_ITS2_ASV673	*
C	211	1	*	*	*	*	*	PRJNA356769b_ITS2_ASV739	*
C	212	1	*	*	*	*	*	PRJNA356769b_ITS2_ASV749	*
C	213	1	*	*	*	*	*	PRJNA356769b_ITS2_ASV790	*
C	214	1	*	*	*	*	*	PRJNA356769b_ITS2_ASV101	*
C	215	1	*	*	*	*	*	PRJNA356769b_ITS2_ASV390	*
C	216	3	*	*	*	*	*	PRJNA356769b_ITS2_ASV408	*
C	217	1	*	*	*	*	*	PRJNA356769b_ITS2_ASV453	*
C	218	1	*	*	*	*	*	PRJNA356769b_ITS2_ASV520	*
C	219	1	*	*	*	*	*	PRJNA356769b_ITS2_ASV603	*
C	220	1	*	*	*	*	*	PRJNA356769b_ITS2_ASV88	*
C	221	1	*	*	*	*	*	PRJNA356769b_ITS2_ASV951	*
C	222	2	*	*	*	*	*	PRJNA356769b_ITS2_ASV122	*
C	223	1	*	*	*	*	*	PRJNA356769b_ITS2_ASV208	*
C	224	3	*	*	*	*	*	PRJNA356769b_ITS2_ASV304	*
C	225	1	*	*	*	*	*	PRJNA356769b_ITS2_ASV479	*
C	226	1	*	*	*	*	*	PRJNA356769b_ITS2_ASV558	*
C	227	1	*	*	*	*	*	PRJNA356769b_ITS2_ASV707	*
C	228	1	*	*	*	*	*	PRJNA356769b_ITS2_ASV87	*
C	229	1	*	*	*	*	*	PRJNA356769b_ITS2_ASV907	*
C	230	1	*	*	*	*	*	PRJNA356769b_ITS2_ASV936	*
C	231	2	*	*	*	*	*	PRJNA356769b_ITS2_ASV169	*
C	232	6	*	*	*	*	*	PRJNA356769b_ITS2_ASV226	*
C	233	1	*	*	*	*	*	PRJNA356769b_ITS2_ASV24	*
C	234	1	*	*	*	*	*	PRJNA356769b_ITS2_ASV39	*
C	235	2	*	*	*	*	*	PRJNA356769b_ITS2_ASV394	*
C	236	3	*	*	*	*	*	PRJNA356769b_ITS2_ASV410	*
C	237	1	*	*	*	*	*	PRJNA356769b_ITS2_ASV530	*
C	238	1	*	*	*	*	*	PRJNA356769b_ITS2_ASV55	*
C	239	1	*	*	*	*	*	PRJNA356769b_ITS2_ASV552	*
C	240	2	*	*	*	*	*	PRJNA356769b_ITS2_ASV628	*
C	241	1	*	*	*	*	*	PRJNA356769b_ITS2_ASV654	*
C	242	1	*	*	*	*	*	PRJNA356769b_ITS2_ASV744	*
C	243	1	*	*	*	*	*	PRJNA356769b_ITS2_ASV803	*
C	244	1	*	*	*	*	*	PRJNA356769b_ITS2_ASV908	*
C	245	1	*	*	*	*	*	PRJNA356769b_ITS2_ASV21	*
C	246	1	*	*	*	*	*	PRJNA356769b_ITS2_ASV210	*
C	247	1	*	*	*	*	*	PRJNA356769b_ITS2_ASV220	*
C	248	1	*	*	*	*	*	PRJNA356769b_ITS2_ASV466	*
C	249	1	*	*	*	*	*	PRJNA356769b_ITS2_ASV676	*
C	250	2	*	*	*	*	*	PRJNA356769b_ITS2_ASV700	*
C	251	2	*	*	*	*	*	PRJNA356769b_ITS2_ASV720	*
C	252	1	*	*	*	*	*	PRJNA356769b_ITS2_ASV723	*
C	253	1	*	*	*	*	*	PRJNA356769b_ITS2_ASV95	*
C	254	1	*	*	*	*	*	PRJNA356769b_ITS2_ASV966	*
C	255	1	*	*	*	*	*	PRJNA356769b_ITS2_ASV138	*
C	256	1	*	*	*	*	*	PRJNA356769b_ITS2_ASV83	*
C	257	2	*	*	*	*	*	PRJNA356769b_ITS2_ASV229	*
C	258	1	*	*	*	*	*	PRJNA356769b_ITS2_ASV249	*
C	259	2	*	*	*	*	*	PRJNA356769b_ITS2_ASV441	*
C	260	1	*	*	*	*	*	PRJNA356769b_ITS2_ASV678	*
C	261	1	*	*	*	*	*	PRJNA356769b_ITS2_ASV323	*
C	262	1	*	*	*	*	*	PRJNA356769b_ITS2_ASV451	*
C	263	1	*	*	*	*	*	PRJNA356769b_ITS2_ASV160	*
C	264	1	*	*	*	*	*	PRJNA356769b_ITS2_ASV943	*
C	265	1	*	*	*	*	*	PRJNA356769b_ITS2_ASV947	*
C	266	1	*	*	*	*	*	PRJNA356769b_ITS2_ASV183	*
C	267	2	*	*	*	*	*	PRJNA356769b_ITS2_ASV396	*
C	268	1	*	*	*	*	*	PRJNA356769b_ITS2_ASV452	*
C	269	1	*	*	*	*	*	PRJNA356769b_ITS2_ASV425	*
C	270	1	*	*	*	*	*	PRJNA356769b_ITS2_ASV574	*
C	271	1	*	*	*	*	*	PRJNA356769b_ITS2_ASV748	*
C	272	1	*	*	*	*	*	PRJNA356769b_ITS2_ASV882	*
C	273	1	*	*	*	*	*	PRJNA356769b_ITS2_ASV645	*
C	274	1	*	*	*	*	*	PRJNA356769b_ITS2_ASV358	*
C	275	1	*	*	*	*	*	PRJNA356769b_ITS2_ASV380	*
C	276	1	*	*	*	*	*	PRJNA356769b_ITS2_ASV74	*
C	277	1	*	*	*	*	*	PRJNA356769b_ITS2_ASV740	*
C	278	1	*	*	*	*	*	PRJNA356769b_ITS2_ASV399	*
C	279	1	*	*	*	*	*	PRJNA356769b_ITS2_ASV541	*
C	280	1	*	*	*	*	*	PRJNA356769b_ITS2_ASV704	*
C	281	1	*	*	*	*	*	PRJNA356769b_ITS2_ASV776	*
C	282	1	*	*	*	*	*	PRJNA356769b_ITS2_ASV827	*
C	283	2	*	*	*	*	*	PRJNA356769b_ITS2_ASV433	*
C	284	1	*	*	*	*	*	PRJNA356769b_ITS2_ASV468	*
C	285	1	*	*	*	*	*	PRJNA356769b_ITS2_ASV585	*
C	286	1	*	*	*	*	*	PRJNA356769b_ITS2_ASV643	*
C	287	1	*	*	*	*	*	PRJNA356769b_ITS2_ASV655	*
C	288	1	*	*	*	*	*	PRJNA356769b_ITS2_ASV785	*
C	289	1	*	*	*	*	*	PRJNA356769b_ITS2_ASV867	*
C	290	1	*	*	*	*	*	PRJNA356769b_ITS2_ASV955	*
C	291	1	*	*	*	*	*	PRJNA356769b_ITS2_ASV137	*
C	292	2	*	*	*	*	*	PRJNA356769b_ITS2_ASV16	*
C	293	1	*	*	*	*	*	PRJNA356769b_ITS2_ASV307	*
C	294	1	*	*	*	*	*	PRJNA356769b_ITS2_ASV604	*
C	295	1	*	*	*	*	*	PRJNA356769b_ITS2_ASV738	*
C	296	1	*	*	*	*	*	PRJNA356769b_ITS2_ASV219	*
C	297	3	*	*	*	*	*	PRJNA356769b_ITS2_ASV400	*
C	298	1	*	*	*	*	*	PRJNA356769b_ITS2_ASV747	*
C	299	1	*	*	*	*	*	PRJNA356769b_ITS2_ASV201	*
C	300	1	*	*	*	*	*	PRJNA356769b_ITS2_ASV406	*
C	301	1	*	*	*	*	*	PRJNA356769b_ITS2_ASV494	*
C	302	1	*	*	*	*	*	PRJNA356769b_ITS2_ASV499	*
C	303	1	*	*	*	*	*	PRJNA356769b_ITS2_ASV144	*
C	304	2	*	*	*	*	*	PRJNA356769b_ITS2_ASV324	*
C	305	1	*	*	*	*	*	PRJNA356769b_ITS2_ASV512	*
C	306	1	*	*	*	*	*	PRJNA356769b_ITS2_ASV10	*
C	307	1	*	*	*	*	*	PRJNA356769b_ITS2_ASV26	*
C	308	1	*	*	*	*	*	PRJNA356769b_ITS2_ASV912	*
C	309	2	*	*	*	*	*	PRJNA356769b_ITS2_ASV1002	*
C	310	1	*	*	*	*	*	PRJNA356769b_ITS2_ASV130	*
C	311	1	*	*	*	*	*	PRJNA356769b_ITS2_ASV29	*
C	312	1	*	*	*	*	*	PRJNA356769b_ITS2_ASV375	*
C	313	1	*	*	*	*	*	PRJNA356769b_ITS2_ASV376	*
C	314	1	*	*	*	*	*	PRJNA356769b_ITS2_ASV647	*
C	315	1	*	*	*	*	*	PRJNA356769b_ITS2_ASV769	*
C	316	1	*	*	*	*	*	PRJNA356769b_ITS2_ASV128	*
C	317	2	*	*	*	*	*	PRJNA356769b_ITS2_ASV236	*
C	318	2	*	*	*	*	*	PRJNA356769b_ITS2_ASV440	*
C	319	1	*	*	*	*	*	PRJNA356769b_ITS2_ASV506	*
C	320	1	*	*	*	*	*	PRJNA356769b_ITS2_ASV742	*
C	321	1	*	*	*	*	*	PRJNA356769b_ITS2_ASV791	*
C	322	1	*	*	*	*	*	PRJNA356769b_ITS2_ASV12	*
C	323	2	*	*	*	*	*	PRJNA356769b_ITS2_ASV232	*
C	324	1	*	*	*	*	*	PRJNA356769b_ITS2_ASV333	*
C	325	1	*	*	*	*	*	PRJNA356769b_ITS2_ASV476	*
C	326	1	*	*	*	*	*	PRJNA356769b_ITS2_ASV536	*
C	327	1	*	*	*	*	*	PRJNA356769b_ITS2_ASV631	*
C	328	1	*	*	*	*	*	PRJNA356769b_ITS2_ASV662	*
C	329	3	*	*	*	*	*	PRJNA356769b_ITS2_ASV667	*
C	330	1	*	*	*	*	*	PRJNA356769b_ITS2_ASV73	*
C	331	1	*	*	*	*	*	PRJNA356769b_ITS2_ASV878	*
C	332	1	*	*	*	*	*	PRJNA356769b_ITS2_ASV970	*
C	333	1	*	*	*	*	*	PRJNA356769b_ITS2_ASV14	*
C	334	2	*	*	*	*	*	PRJNA356769b_ITS2_ASV158	*
C	335	1	*	*	*	*	*	PRJNA356769b_ITS2_ASV196	*
C	336	5	*	*	*	*	*	PRJNA356769b_ITS2_ASV250	*
C	337	3	*	*	*	*	*	PRJNA356769b_ITS2_ASV346	*
C	338	2	*	*	*	*	*	PRJNA356769b_ITS2_ASV491	*
C	339	1	*	*	*	*	*	PRJNA356769b_ITS2_ASV526	*
C	340	1	*	*	*	*	*	PRJNA356769b_ITS2_ASV548	*
C	341	1	*	*	*	*	*	PRJNA356769b_ITS2_ASV571	*
C	342	1	*	*	*	*	*	PRJNA356769b_ITS2_ASV72	*
C	343	1	*	*	*	*	*	PRJNA356769b_ITS2_ASV736	*
C	344	1	*	*	*	*	*	PRJNA356769b_ITS2_ASV737	*
C	345	1	*	*	*	*	*	PRJNA356769b_ITS2_ASV775	*
C	346	1	*	*	*	*	*	PRJNA356769b_ITS2_ASV796	*
C	347	1	*	*	*	*	*	PRJNA356769b_ITS2_ASV799	*
C	348	1	*	*	*	*	*	PRJNA356769b_ITS2_ASV822	*
C	349	1	*	*	*	*	*	PRJNA356769b_ITS2_ASV863	*
C	350	1	*	*	*	*	*	PRJNA356769b_ITS2_ASV950	*
C	351	1	*	*	*	*	*	PRJNA356769b_ITS2_ASV96	*
C	352	1	*	*	*	*	*	PRJNA356769b_ITS2_ASV978	*
C	353	1	*	*	*	*	*	PRJNA356769b_ITS2_ASV980	*
C	354	1	*	*	*	*	*	PRJNA356769b_ITS2_ASV987	*
C	355	1	*	*	*	*	*	PRJNA356769b_ITS2_ASV992	*
C	356	1	*	*	*	*	*	PRJNA356769b_ITS2_ASV212	*
C	357	1	*	*	*	*	*	PRJNA356769b_ITS2_ASV355	*
C	358	1	*	*	*	*	*	PRJNA356769b_ITS2_ASV378	*
C	359	1	*	*	*	*	*	PRJNA356769b_ITS2_ASV727	*
C	360	1	*	*	*	*	*	PRJNA356769b_ITS2_ASV25	*
C	361	1	*	*	*	*	*	PRJNA356769b_ITS2_ASV478	*
C	362	1	*	*	*	*	*	PRJNA356769b_ITS2_ASV677	*
C	363	1	*	*	*	*	*	PRJNA356769b_ITS2_ASV714	*
C	364	1	*	*	*	*	*	PRJNA356769b_ITS2_ASV1010	*
C	365	1	*	*	*	*	*	PRJNA356769b_ITS2_ASV125	*
C	366	1	*	*	*	*	*	PRJNA356769b_ITS2_ASV211	*
C	367	1	*	*	*	*	*	PRJNA356769b_ITS2_ASV334	*
C	368	1	*	*	*	*	*	PRJNA356769b_ITS2_ASV905	*
C	369	1	*	*	*	*	*	PRJNA356769b_ITS2_ASV405	*
C	370	1	*	*	*	*	*	PRJNA356769b_ITS2_ASV781	*
C	371	1	*	*	*	*	*	PRJNA356769b_ITS2_ASV858	*
C	372	2	*	*	*	*	*	PRJNA356769b_ITS2_ASV916	*
C	373	1	*	*	*	*	*	PRJNA356769b_ITS2_ASV120	*
C	374	1	*	*	*	*	*	PRJNA356769b_ITS2_ASV187	*
C	375	1	*	*	*	*	*	PRJNA356769b_ITS2_ASV528	*
C	376	1	*	*	*	*	*	PRJNA356769b_ITS2_ASV865	*
C	377	1	*	*	*	*	*	PRJNA356769b_ITS2_ASV844	*
C	378	1	*	*	*	*	*	PRJNA356769b_ITS2_ASV200	*
C	379	1	*	*	*	*	*	PRJNA356769b_ITS2_ASV204	*
C	380	1	*	*	*	*	*	PRJNA356769b_ITS2_ASV462	*
C	381	1	*	*	*	*	*	PRJNA356769b_ITS2_ASV686	*
C	382	1	*	*	*	*	*	PRJNA356769b_ITS2_ASV953	*
C	383	2	*	*	*	*	*	PRJNA356769b_ITS2_ASV363	*
C	384	1	*	*	*	*	*	PRJNA356769b_ITS2_ASV498	*
C	385	1	*	*	*	*	*	PRJNA356769b_ITS2_ASV644	*
C	386	3	*	*	*	*	*	PRJNA356769b_ITS2_ASV107	*
C	387	2	*	*	*	*	*	PRJNA356769b_ITS2_ASV411	*
C	388	1	*	*	*	*	*	PRJNA356769b_ITS2_ASV225	*
C	389	2	*	*	*	*	*	PRJNA356769b_ITS2_ASV635	*
C	390	1	*	*	*	*	*	PRJNA356769b_ITS2_ASV826	*
C	391	1	*	*	*	*	*	PRJNA356769b_ITS2_ASV991	*
C	392	1	*	*	*	*	*	PRJNA356769b_ITS2_ASV147	*
C	393	2	*	*	*	*	*	PRJNA356769b_ITS2_ASV356	*
C	394	1	*	*	*	*	*	PRJNA356769b_ITS2_ASV493	*
C	395	1	*	*	*	*	*	PRJNA356769b_ITS2_ASV679	*
C	396	1	*	*	*	*	*	PRJNA356769b_ITS2_ASV972	*
C	397	1	*	*	*	*	*	PRJNA356769b_ITS2_ASV599	*
C	398	1	*	*	*	*	*	PRJNA356769b_ITS2_ASV788	*
C	399	1	*	*	*	*	*	PRJNA356769b_ITS2_ASV447	*
C	400	1	*	*	*	*	*	PRJNA356769b_ITS2_ASV545	*
C	401	1	*	*	*	*	*	PRJNA356769b_ITS2_ASV56	*
C	402	1	*	*	*	*	*	PRJNA356769b_ITS2_ASV609	*
C	403	1	*	*	*	*	*	PRJNA356769b_ITS2_ASV97	*
C	404	1	*	*	*	*	*	PRJNA356769b_ITS2_ASV261	*
C	405	1	*	*	*	*	*	PRJNA356769b_ITS2_ASV43	*
C	406	2	*	*	*	*	*	PRJNA356769b_ITS2_ASV483	*
C	407	1	*	*	*	*	*	PRJNA356769b_ITS2_ASV500	*
C	408	1	*	*	*	*	*	PRJNA356769b_ITS2_ASV625	*
C	409	1	*	*	*	*	*	PRJNA356769b_ITS2_ASV885	*
C	410	1	*	*	*	*	*	PRJNA356769b_ITS2_ASV967	*
C	411	1	*	*	*	*	*	PRJNA356769b_ITS2_ASV216	*
C	412	2	*	*	*	*	*	PRJNA356769b_ITS2_ASV268	*
C	413	1	*	*	*	*	*	PRJNA356769b_ITS2_ASV293	*
C	414	1	*	*	*	*	*	PRJNA356769b_ITS2_ASV338	*
C	415	1	*	*	*	*	*	PRJNA356769b_ITS2_ASV605	*
C	416	1	*	*	*	*	*	PRJNA356769b_ITS2_ASV652	*
C	417	1	*	*	*	*	*	PRJNA356769b_ITS2_ASV753	*
C	418	1	*	*	*	*	*	PRJNA356769b_ITS2_ASV929	*
C	419	1	*	*	*	*	*	PRJNA356769b_ITS2_ASV164	*
C	420	2	*	*	*	*	*	PRJNA356769b_ITS2_ASV198	*
C	421	1	*	*	*	*	*	PRJNA356769b_ITS2_ASV253	*
C	422	1	*	*	*	*	*	PRJNA356769b_ITS2_ASV256	*
C	423	1	*	*	*	*	*	PRJNA356769b_ITS2_ASV291	*
C	424	1	*	*	*	*	*	PRJNA356769b_ITS2_ASV310	*
C	425	1	*	*	*	*	*	PRJNA356769b_ITS2_ASV398	*
C	426	1	*	*	*	*	*	PRJNA356769b_ITS2_ASV44	*
C	427	1	*	*	*	*	*	PRJNA356769b_ITS2_ASV516	*
C	428	1	*	*	*	*	*	PRJNA356769b_ITS2_ASV561	*
C	429	1	*	*	*	*	*	PRJNA356769b_ITS2_ASV596	*
C	430	2	*	*	*	*	*	PRJNA356769b_ITS2_ASV162	*
C	431	1	*	*	*	*	*	PRJNA356769b_ITS2_ASV254	*
C	432	1	*	*	*	*	*	PRJNA356769b_ITS2_ASV314	*
C	433	1	*	*	*	*	*	PRJNA356769b_ITS2_ASV464	*
C	434	1	*	*	*	*	*	PRJNA356769b_ITS2_ASV57	*
C	435	1	*	*	*	*	*	PRJNA356769b_ITS2_ASV581	*
C	436	1	*	*	*	*	*	PRJNA356769b_ITS2_ASV697	*
C	437	1	*	*	*	*	*	PRJNA356769b_ITS2_ASV830	*
C	438	1	*	*	*	*	*	PRJNA356769b_ITS2_ASV119	*
C	439	1	*	*	*	*	*	PRJNA356769b_ITS2_ASV262	*
C	440	1	*	*	*	*	*	PRJNA356769b_ITS2_ASV459	*
C	441	1	*	*	*	*	*	PRJNA356769b_ITS2_ASV47	*
C	442	2	*	*	*	*	*	PRJNA356769b_ITS2_ASV725	*
C	443	1	*	*	*	*	*	PRJNA356769b_ITS2_ASV729	*
C	444	1	*	*	*	*	*	PRJNA356769b_ITS2_ASV837	*
C	445	1	*	*	*	*	*	PRJNA356769b_ITS2_ASV909	*
C	446	1	*	*	*	*	*	PRJNA356769b_ITS2_ASV934	*
C	447	1	*	*	*	*	*	PRJNA356769b_ITS2_ASV997	*
C	448	1	*	*	*	*	*	PRJNA356769b_ITS2_ASV163	*
C	449	2	*	*	*	*	*	PRJNA356769b_ITS2_ASV273	*
C	450	2	*	*	*	*	*	PRJNA356769b_ITS2_ASV319	*
C	451	1	*	*	*	*	*	PRJNA356769b_ITS2_ASV477	*
C	452	1	*	*	*	*	*	PRJNA356769b_ITS2_ASV522	*
C	453	1	*	*	*	*	*	PRJNA356769b_ITS2_ASV614	*
C	454	1	*	*	*	*	*	PRJNA356769b_ITS2_ASV659	*
C	455	1	*	*	*	*	*	PRJNA356769b_ITS2_ASV806	*
C	456	1	*	*	*	*	*	PRJNA356769b_ITS2_ASV817	*
C	457	1	*	*	*	*	*	PRJNA356769b_ITS2_ASV866	*
C	458	3	*	*	*	*	*	PRJNA356769b_ITS2_ASV98	*
C	459	1	*	*	*	*	*	PRJNA356769b_ITS2_ASV202	*
C	460	1	*	*	*	*	*	PRJNA356769b_ITS2_ASV270	*
C	461	1	*	*	*	*	*	PRJNA356769b_ITS2_ASV503	*
C	462	1	*	*	*	*	*	PRJNA356769b_ITS2_ASV567	*
C	463	1	*	*	*	*	*	PRJNA356769b_ITS2_ASV60	*
C	464	1	*	*	*	*	*	PRJNA356769b_ITS2_ASV600	*
C	465	1	*	*	*	*	*	PRJNA356769b_ITS2_ASV690	*
C	466	1	*	*	*	*	*	PRJNA356769b_ITS2_ASV795	*
C	467	1	*	*	*	*	*	PRJNA356769b_ITS2_ASV930	*
C	468	1	*	*	*	*	*	PRJNA356769b_ITS2_ASV990	*
C	469	1	*	*	*	*	*	PRJNA356769b_ITS2_ASV108	*
C	470	2	*	*	*	*	*	PRJNA356769b_ITS2_ASV165	*
C	471	1	*	*	*	*	*	PRJNA356769b_ITS2_ASV20	*
C	472	8	*	*	*	*	*	PRJNA356769b_ITS2_ASV231	*
C	473	1	*	*	*	*	*	PRJNA356769b_ITS2_ASV289	*
C	474	1	*	*	*	*	*	PRJNA356769b_ITS2_ASV328	*
C	475	2	*	*	*	*	*	PRJNA356769b_ITS2_ASV432	*
C	476	1	*	*	*	*	*	PRJNA356769b_ITS2_ASV618	*
C	477	1	*	*	*	*	*	PRJNA356769b_ITS2_ASV730	*
C	478	2	*	*	*	*	*	PRJNA356769b_ITS2_ASV733	*
C	479	1	*	*	*	*	*	PRJNA356769b_ITS2_ASV819	*
C	480	1	*	*	*	*	*	PRJNA356769b_ITS2_ASV933	*
C	481	2	*	*	*	*	*	PRJNA356769b_ITS2_ASV315	*
C	482	1	*	*	*	*	*	PRJNA356769b_ITS2_ASV344	*
C	483	1	*	*	*	*	*	PRJNA356769b_ITS2_ASV4	*
C	484	1	*	*	*	*	*	PRJNA356769b_ITS2_ASV40	*
C	485	1	*	*	*	*	*	PRJNA356769b_ITS2_ASV583	*
C	486	1	*	*	*	*	*	PRJNA356769b_ITS2_ASV665	*
C	487	1	*	*	*	*	*	PRJNA356769b_ITS2_ASV666	*
C	488	1	*	*	*	*	*	PRJNA356769b_ITS2_ASV221	*
C	489	1	*	*	*	*	*	PRJNA356769b_ITS2_ASV312	*
C	490	1	*	*	*	*	*	PRJNA356769b_ITS2_ASV34	*
C	491	1	*	*	*	*	*	PRJNA356769b_ITS2_ASV421	*
C	492	1	*	*	*	*	*	PRJNA356769b_ITS2_ASV497	*
C	493	1	*	*	*	*	*	PRJNA356769b_ITS2_ASV521	*
C	494	1	*	*	*	*	*	PRJNA356769b_ITS2_ASV755	*
C	495	1	*	*	*	*	*	PRJNA356769b_ITS2_ASV964	*
C	496	1	*	*	*	*	*	PRJNA356769b_ITS2_ASV995	*
C	497	1	*	*	*	*	*	PRJNA356769b_ITS2_ASV156	*
C	498	1	*	*	*	*	*	PRJNA356769b_ITS2_ASV174	*
C	499	1	*	*	*	*	*	PRJNA356769b_ITS2_ASV401	*
C	500	1	*	*	*	*	*	PRJNA356769b_ITS2_ASV45	*
C	501	2	*	*	*	*	*	PRJNA356769b_ITS2_ASV473	*
C	502	1	*	*	*	*	*	PRJNA356769b_ITS2_ASV486	*
C	503	1	*	*	*	*	*	PRJNA356769b_ITS2_ASV699	*
C	504	2	*	*	*	*	*	PRJNA356769b_ITS2_ASV11	*
C	505	3	*	*	*	*	*	PRJNA356769b_ITS2_ASV257	*
C	506	3	*	*	*	*	*	PRJNA356769b_ITS2_ASV288	*
C	507	1	*	*	*	*	*	PRJNA356769b_ITS2_ASV341	*
C	508	1	*	*	*	*	*	PRJNA356769b_ITS2_ASV531	*
C	509	1	*	*	*	*	*	PRJNA356769b_ITS2_ASV841	*
C	510	1	*	*	*	*	*	PRJNA356769b_ITS2_ASV1005	*
C	511	1	*	*	*	*	*	PRJNA356769b_ITS2_ASV170	*
C	512	1	*	*	*	*	*	PRJNA356769b_ITS2_ASV606	*
C	513	1	*	*	*	*	*	PRJNA356769b_ITS2_ASV78	*
C	514	2	*	*	*	*	*	PRJNA356769b_ITS2_ASV873	*
C	515	1	*	*	*	*	*	PRJNA356769b_ITS2_ASV935	*
C	516	1	*	*	*	*	*	PRJNA356769b_ITS2_ASV123	*
C	517	1	*	*	*	*	*	PRJNA356769b_ITS2_ASV146	*
C	518	3	*	*	*	*	*	PRJNA356769b_ITS2_ASV340	*
C	519	1	*	*	*	*	*	PRJNA356769b_ITS2_ASV496	*
C	520	1	*	*	*	*	*	PRJNA356769b_ITS2_ASV523	*
C	521	1	*	*	*	*	*	PRJNA356769b_ITS2_ASV588	*
C	522	1	*	*	*	*	*	PRJNA356769b_ITS2_ASV708	*
C	523	1	*	*	*	*	*	PRJNA356769b_ITS2_ASV722	*
C	524	1	*	*	*	*	*	PRJNA356769b_ITS2_ASV84	*
C	525	1	*	*	*	*	*	PRJNA356769b_ITS2_ASV854	*
C	526	1	*	*	*	*	*	PRJNA356769b_ITS2_ASV962	*
C	527	1	*	*	*	*	*	PRJNA356769b_ITS2_ASV287	*
C	528	1	*	*	*	*	*	PRJNA356769b_ITS2_ASV331	*
C	529	1	*	*	*	*	*	PRJNA356769b_ITS2_ASV351	*
C	530	1	*	*	*	*	*	PRJNA356769b_ITS2_ASV404	*
C	531	1	*	*	*	*	*	PRJNA356769b_ITS2_ASV482	*
C	532	1	*	*	*	*	*	PRJNA356769b_ITS2_ASV501	*
C	533	1	*	*	*	*	*	PRJNA356769b_ITS2_ASV563	*
C	534	1	*	*	*	*	*	PRJNA356769b_ITS2_ASV607	*
C	535	1	*	*	*	*	*	PRJNA356769b_ITS2_ASV62	*
C	536	1	*	*	*	*	*	PRJNA356769b_ITS2_ASV887	*
C	537	1	*	*	*	*	*	PRJNA356769b_ITS2_ASV898	*
C	538	1	*	*	*	*	*	PRJNA356769b_ITS2_ASV985	*
C	539	1	*	*	*	*	*	PRJNA356769b_ITS2_ASV184	*
C	540	1	*	*	*	*	*	PRJNA356769b_ITS2_ASV22	*
C	541	1	*	*	*	*	*	PRJNA356769b_ITS2_ASV610	*
C	542	1	*	*	*	*	*	PRJNA356769b_ITS2_ASV64	*
C	543	1	*	*	*	*	*	PRJNA356769b_ITS2_ASV691	*
C	544	1	*	*	*	*	*	PRJNA356769b_ITS2_ASV901	*
C	545	1	*	*	*	*	*	PRJNA356769b_ITS2_ASV969	*
C	546	1	*	*	*	*	*	PRJNA356769b_ITS2_ASV336	*
C	547	2	*	*	*	*	*	PRJNA356769b_ITS2_ASV383	*
C	548	1	*	*	*	*	*	PRJNA356769b_ITS2_ASV41	*
C	549	1	*	*	*	*	*	PRJNA356769b_ITS2_ASV419	*
C	550	3	*	*	*	*	*	PRJNA356769b_ITS2_ASV426	*
C	551	1	*	*	*	*	*	PRJNA356769b_ITS2_ASV593	*
C	552	1	*	*	*	*	*	PRJNA356769b_ITS2_ASV638	*
C	553	1	*	*	*	*	*	PRJNA356769b_ITS2_ASV705	*
C	554	1	*	*	*	*	*	PRJNA356769b_ITS2_ASV113	*
C	555	1	*	*	*	*	*	PRJNA356769b_ITS2_ASV142	*
C	556	1	*	*	*	*	*	PRJNA356769b_ITS2_ASV151	*
C	557	1	*	*	*	*	*	PRJNA356769b_ITS2_ASV222	*
C	558	1	*	*	*	*	*	PRJNA356769b_ITS2_ASV243	*
C	559	1	*	*	*	*	*	PRJNA356769b_ITS2_ASV318	*
C	560	1	*	*	*	*	*	PRJNA356769b_ITS2_ASV379	*
C	561	1	*	*	*	*	*	PRJNA356769b_ITS2_ASV42	*
C	562	1	*	*	*	*	*	PRJNA356769b_ITS2_ASV449	*
C	563	1	*	*	*	*	*	PRJNA356769b_ITS2_ASV458	*
C	564	2	*	*	*	*	*	PRJNA356769b_ITS2_ASV507	*
C	565	1	*	*	*	*	*	PRJNA356769b_ITS2_ASV577	*
C	566	1	*	*	*	*	*	PRJNA356769b_ITS2_ASV598	*
C	567	1	*	*	*	*	*	PRJNA356769b_ITS2_ASV65	*
C	568	2	*	*	*	*	*	PRJNA356769b_ITS2_ASV658	*
C	569	1	*	*	*	*	*	PRJNA356769b_ITS2_ASV67	*
C	570	1	*	*	*	*	*	PRJNA356769b_ITS2_ASV687	*
C	571	1	*	*	*	*	*	PRJNA356769b_ITS2_ASV884	*
C	572	1	*	*	*	*	*	PRJNA356769b_ITS2_ASV911	*
C	573	1	*	*	*	*	*	PRJNA356769b_ITS2_ASV213	*
C	574	1	*	*	*	*	*	PRJNA356769b_ITS2_ASV217	*
C	575	1	*	*	*	*	*	PRJNA356769b_ITS2_ASV259	*
C	576	1	*	*	*	*	*	PRJNA356769b_ITS2_ASV280	*
C	577	1	*	*	*	*	*	PRJNA356769b_ITS2_ASV439	*
C	578	1	*	*	*	*	*	PRJNA356769b_ITS2_ASV529	*
C	579	1	*	*	*	*	*	PRJNA356769b_ITS2_ASV713	*
C	580	1	*	*	*	*	*	PRJNA356769b_ITS2_ASV734	*
C	581	1	*	*	*	*	*	PRJNA356769b_ITS2_ASV763	*
C	582	1	*	*	*	*	*	PRJNA356769b_ITS2_ASV811	*
C	583	1	*	*	*	*	*	PRJNA356769b_ITS2_ASV832	*
C	584	1	*	*	*	*	*	PRJNA356769b_ITS2_ASV438	*
C	585	1	*	*	*	*	*	PRJNA356769b_ITS2_ASV550	*
C	586	1	*	*	*	*	*	PRJNA356769b_ITS2_ASV767	*
C	587	1	*	*	*	*	*	PRJNA356769b_ITS2_ASV820	*
C	588	1	*	*	*	*	*	PRJNA356769b_ITS2_ASV92	*
C	589	1	*	*	*	*	*	PRJNA356769b_ITS2_ASV292	*
C	590	3	*	*	*	*	*	PRJNA356769b_ITS2_ASV469	*
C	591	1	*	*	*	*	*	PRJNA356769b_ITS2_ASV495	*
C	592	1	*	*	*	*	*	PRJNA356769b_ITS2_ASV683	*
C	593	1	*	*	*	*	*	PRJNA356769b_ITS2_ASV783	*
C	594	1	*	*	*	*	*	PRJNA356769b_ITS2_ASV945	*
C	595	2	*	*	*	*	*	PRJNA356769b_ITS2_ASV166	*
C	596	5	*	*	*	*	*	PRJNA356769b_ITS2_ASV175	*
C	597	1	*	*	*	*	*	PRJNA356769b_ITS2_ASV434	*
C	598	3	*	*	*	*	*	PRJNA356769b_ITS2_ASV437	*
C	599	2	*	*	*	*	*	PRJNA356769b_ITS2_ASV511	*
C	600	1	*	*	*	*	*	PRJNA356769b_ITS2_ASV518	*
C	601	1	*	*	*	*	*	PRJNA356769b_ITS2_ASV569	*
C	602	1	*	*	*	*	*	PRJNA356769b_ITS2_ASV601	*
C	603	1	*	*	*	*	*	PRJNA356769b_ITS2_ASV831	*
C	604	1	*	*	*	*	*	PRJNA356769b_ITS2_ASV91	*
C	605	1	*	*	*	*	*	PRJNA356769b_ITS2_ASV297	*
C	606	1	*	*	*	*	*	PRJNA356769b_ITS2_ASV395	*
C	607	1	*	*	*	*	*	PRJNA356769b_ITS2_ASV430	*
C	608	1	*	*	*	*	*	PRJNA356769b_ITS2_ASV470	*
C	609	1	*	*	*	*	*	PRJNA356769b_ITS2_ASV539	*
C	610	2	*	*	*	*	*	PRJNA356769b_ITS2_ASV572	*
C	611	1	*	*	*	*	*	PRJNA356769b_ITS2_ASV802	*
C	612	1	*	*	*	*	*	PRJNA356769b_ITS2_ASV818	*
C	613	1	*	*	*	*	*	PRJNA356769b_ITS2_ASV94	*
C	614	2	*	*	*	*	*	PRJNA356769b_ITS2_ASV1004	*
C	615	3	*	*	*	*	*	PRJNA356769b_ITS2_ASV105	*
C	616	1	*	*	*	*	*	PRJNA356769b_ITS2_ASV110	*
C	617	1	*	*	*	*	*	PRJNA356769b_ITS2_ASV143	*
C	618	2	*	*	*	*	*	PRJNA356769b_ITS2_ASV431	*
C	619	1	*	*	*	*	*	PRJNA356769b_ITS2_ASV5	*
C	620	1	*	*	*	*	*	PRJNA356769b_ITS2_ASV627	*
C	621	1	*	*	*	*	*	PRJNA356769b_ITS2_ASV633	*
C	622	1	*	*	*	*	*	PRJNA356769b_ITS2_ASV984	*
C	623	1	*	*	*	*	*	PRJNA356769b_ITS2_ASV190	*
C	624	1	*	*	*	*	*	PRJNA356769b_ITS2_ASV238	*
C	625	1	*	*	*	*	*	PRJNA356769b_ITS2_ASV38	*
C	626	1	*	*	*	*	*	PRJNA356769b_ITS2_ASV762	*
C	627	1	*	*	*	*	*	PRJNA356769b_ITS2_ASV965	*
C	628	1	*	*	*	*	*	PRJNA356769b_ITS2_ASV285	*
C	629	1	*	*	*	*	*	PRJNA356769b_ITS2_ASV445	*
C	630	1	*	*	*	*	*	PRJNA356769b_ITS2_ASV461	*
C	631	1	*	*	*	*	*	PRJNA356769b_ITS2_ASV973	*
C	632	2	*	*	*	*	*	PRJNA356769b_ITS2_ASV320	*
C	633	1	*	*	*	*	*	PRJNA356769b_ITS2_ASV637	*
C	634	1	*	*	*	*	*	PRJNA356769b_ITS2_ASV982	*
C	635	1	*	*	*	*	*	PRJNA356769b_ITS2_ASV838	*
C	636	1	*	*	*	*	*	PRJNA356769b_ITS2_ASV928	*
C	637	2	*	*	*	*	*	PRJNA356769b_ITS2_ASV455	*
C	638	1	*	*	*	*	*	PRJNA356769b_ITS2_ASV861	*
C	639	1	*	*	*	*	*	PRJNA356769b_ITS2_ASV295	*
C	640	2	*	*	*	*	*	PRJNA356769b_ITS2_ASV345	*
C	641	1	*	*	*	*	*	PRJNA356769b_ITS2_ASV140	*
C	642	1	*	*	*	*	*	PRJNA356769b_ITS2_ASV215	*
C	643	2	*	*	*	*	*	PRJNA356769b_ITS2_ASV367	*
C	644	1	*	*	*	*	*	PRJNA356769b_ITS2_ASV549	*
C	645	1	*	*	*	*	*	PRJNA356769b_ITS2_ASV570	*
C	646	1	*	*	*	*	*	PRJNA356769b_ITS2_ASV994	*
C	647	4	*	*	*	*	*	PRJNA356769b_ITS2_ASV1006	*
C	648	1	*	*	*	*	*	PRJNA356769b_ITS2_ASV118	*
C	649	1	*	*	*	*	*	PRJNA356769b_ITS2_ASV132	*
C	650	1	*	*	*	*	*	PRJNA356769b_ITS2_ASV155	*
C	651	1	*	*	*	*	*	PRJNA356769b_ITS2_ASV409	*
C	652	1	*	*	*	*	*	PRJNA356769b_ITS2_ASV61	*
C	653	1	*	*	*	*	*	PRJNA356769b_ITS2_ASV71	*
C	654	1	*	*	*	*	*	PRJNA356769b_ITS2_ASV724	*
C	655	1	*	*	*	*	*	PRJNA356769b_ITS2_ASV782	*
C	656	1	*	*	*	*	*	PRJNA356769b_ITS2_ASV116	*
C	657	1	*	*	*	*	*	PRJNA356769b_ITS2_ASV173	*
C	658	1	*	*	*	*	*	PRJNA356769b_ITS2_ASV258	*
C	659	1	*	*	*	*	*	PRJNA356769b_ITS2_ASV582	*
C	660	1	*	*	*	*	*	PRJNA356769b_ITS2_ASV868	*
C	661	2	*	*	*	*	*	PRJNA356769b_ITS2_ASV904	*
C	662	1	*	*	*	*	*	PRJNA356769b_ITS2_ASV938	*
C	663	1	*	*	*	*	*	PRJNA356769b_ITS2_ASV629	*
C	664	1	*	*	*	*	*	PRJNA356769b_ITS2_ASV745	*
C	665	1	*	*	*	*	*	PRJNA356769b_ITS2_ASV797	*
C	666	1	*	*	*	*	*	PRJNA356769b_ITS2_ASV626	*
C	667	2	*	*	*	*	*	PRJNA356769b_ITS2_ASV416	*
C	668	2	*	*	*	*	*	PRJNA356769b_ITS2_ASV233	*
C	669	1	*	*	*	*	*	PRJNA356769b_ITS2_ASV914	*
C	670	1	*	*	*	*	*	PRJNA356769b_ITS2_ASV207	*
C	671	1	*	*	*	*	*	PRJNA356769b_ITS2_ASV475	*
C	672	1	*	*	*	*	*	PRJNA356769b_ITS2_ASV981	*
C	673	1	*	*	*	*	*	PRJNA356769b_ITS2_ASV537	*
C	674	2	*	*	*	*	*	PRJNA356769b_ITS2_ASV230	*
C	675	1	*	*	*	*	*	PRJNA356769b_ITS2_ASV335	*
C	676	1	*	*	*	*	*	PRJNA356769b_ITS2_ASV385	*
C	677	1	*	*	*	*	*	PRJNA356769b_ITS2_ASV592	*
C	678	1	*	*	*	*	*	PRJNA356769b_ITS2_ASV768	*
C	679	1	*	*	*	*	*	PRJNA356769b_ITS2_ASV804	*
C	680	1	*	*	*	*	*	PRJNA356769b_ITS2_ASV675	*
C	681	1	*	*	*	*	*	PRJNA356769b_ITS2_ASV79	*
C	682	2	*	*	*	*	*	PRJNA356769b_ITS2_ASV559	*
C	683	1	*	*	*	*	*	PRJNA356769b_ITS2_ASV859	*
C	684	1	*	*	*	*	*	PRJNA356769b_ITS2_ASV85	*
C	685	2	*	*	*	*	*	PRJNA356769b_ITS2_ASV135	*
C	686	1	*	*	*	*	*	PRJNA356769b_ITS2_ASV272	*
C	687	2	*	*	*	*	*	PRJNA356769b_ITS2_ASV131	*
C	688	1	*	*	*	*	*	PRJNA356769b_ITS2_ASV674	*
C	689	2	*	*	*	*	*	PRJNA356769b_ITS2_ASV807	*
C	690	1	*	*	*	*	*	PRJNA356769b_ITS2_ASV910	*
C	691	1	*	*	*	*	*	PRJNA356769b_ITS2_ASV360	*
C	692	1	*	*	*	*	*	PRJNA356769b_ITS2_ASV269	*
C	693	2	*	*	*	*	*	PRJNA356769b_ITS2_ASV48	*
C	694	1	*	*	*	*	*	PRJNA356769b_ITS2_ASV112	*
C	695	1	*	*	*	*	*	PRJNA356769b_ITS2_ASV271	*
C	696	1	*	*	*	*	*	PRJNA356769b_ITS2_ASV896	*
C	697	1	*	*	*	*	*	PRJNA356769b_ITS2_ASV484	*
C	698	1	*	*	*	*	*	PRJNA356769b_ITS2_ASV343	*
C	699	1	*	*	*	*	*	PRJNA356769b_ITS2_ASV350	*
C	700	1	*	*	*	*	*	PRJNA356769b_ITS2_ASV265	*
C	701	1	*	*	*	*	*	PRJNA356769b_ITS2_ASV472	*
C	702	2	*	*	*	*	*	PRJNA356769b_ITS2_ASV372	*
C	703	2	*	*	*	*	*	PRJNA356769b_ITS2_ASV913	*
C	704	1	*	*	*	*	*	PRJNA356769b_ITS2_ASV682	*
C	705	1	*	*	*	*	*	PRJNA356769b_ITS2_ASV890	*
C	706	1	*	*	*	*	*	PRJNA356769b_ITS2_ASV921	*
C	707	1	*	*	*	*	*	PRJNA356769b_ITS2_ASV260	*
C	708	1	*	*	*	*	*	PRJNA356769b_ITS2_ASV587	*
C	709	1	*	*	*	*	*	PRJNA356769b_ITS2_ASV66	*
C	710	1	*	*	*	*	*	PRJNA356769b_ITS2_ASV181	*
C	711	1	*	*	*	*	*	PRJNA356769b_ITS2_ASV612	*
C	712	1	*	*	*	*	*	PRJNA356769b_ITS2_ASV770	*
C	713	1	*	*	*	*	*	PRJNA356769b_ITS2_ASV579	*
C	714	1	*	*	*	*	*	PRJNA356769b_ITS2_ASV944	*
C	715	1	*	*	*	*	*	PRJNA356769b_ITS2_ASV308	*
C	716	1	*	*	*	*	*	PRJNA356769b_ITS2_ASV999	*
C	717	1	*	*	*	*	*	PRJNA356769b_ITS2_ASV282	*
C	718	1	*	*	*	*	*	PRJNA356769b_ITS2_ASV661	*
C	719	1	*	*	*	*	*	PRJNA356769b_ITS2_ASV32	*
C	720	1	*	*	*	*	*	PRJNA356769b_ITS2_ASV685	*
C	721	1	*	*	*	*	*	PRJNA356769b_ITS2_ASV296	*
C	722	1	*	*	*	*	*	PRJNA356769b_ITS2_ASV575	*
C	723	1	*	*	*	*	*	PRJNA356769b_ITS2_ASV852	*
